,Period,Escalated Energy,Escalated Inland Transportation,Escalated Capacity Charge,Month_code,Base_inland,MS_inland,ME_inland,EI_inland,MEITPPn,MS_energy,ME_energy,EI_energy,MEEPn,Base_energy,MS_capacity,ME_capacity,EI_capacity,MECPn,Base_capacity,NE_capacity_charge,NE_energy_charge,NE_inland_charge,Total_capacity_charge,Total_energy_charge,Total_inland_charge,Total_Tariff,year,month,days,hours,Contracted_energy,Declared_energy,Scheduled_energy,CPAF,PAFm,CC_on_NA,Cum_CC_on_NA,CC_on_Actual_Availability,Cum_CC_on_Actual_Availability,Applicable_cum_CC,Cum_CC_till_prev_month,Payable_CC_for_month,fiscal_month,Cum_incentive(Rs.),Cum_penalty(Rs.),Rate_of_incentive,Rate_of_penalty,Energy_applicable_for_incentive,Energy_applicable_for_penalty,Cum_Monthly_Incentive/Penalty,Monthly_Incentive/Penalty,Net_Incentive_for_this_month,Net_Penalty_for_this_month,Cum_Incentive/Penalty,Total_energy_charge_for_month,Cum_Scheduled_energy,Cum_Declared_energy,Cum_Contracted_energy,Cum_Total_capacity_charge,Total Tariff Payable(Cap.+En.+/-Incentive/Penalty)
0,2009-08-01,0.0,0.0238,0.0,0.81,,100.0,100.1599,1.0016,0.4927,100.0,100.0,1.0,0.456,,100.0,100.0,1.0,0.182,,0.0,0.0,0.0,0.182,0.456,0.4927,1.1307,2009,8,31,744,148800000,0,0,0.0,,,,,,,,,5,0.0,0.0,0.0,0.0,0.0,0.0,,0.0,0.0,0.0,,0.0,0,0,0,,0
1,2009-09-01,0.0,0.0238,0.0,1.81,,100.3583,100.3583,1.0036,0.4937,100.0,100.0,1.0,0.456,,100.0,100.0,1.0,0.182,,0.0,0.0,0.0,0.182,0.456,0.4937,1.1317,2009,9,30,720,144000000,0,0,0.0,,,,,,,,,6,0.0,0.0,0.0,0.0,0.0,0.0,,0.0,0.0,0.0,,0.0,0,0,0,,0
2,2009-10-01,0.0,0.1177,0.0,1.0,100.3583,100.3583,101.3426,1.0036,0.4937,100.0,100.0,1.0,0.456,100.0,100.0,100.0,1.0,0.182,,0.0,0.0,0.0,0.182,0.456,0.4937,1.1317,2009,10,31,744,148800000,0,0,0.0,,,,,,,,,7,0.0,0.0,0.0,0.0,0.0,0.0,,0.0,0.0,0.0,,0.0,0,0,0,,0
3,2009-11-01,0.0,0.1177,0.0,2.0,100.3583,101.3426,102.327,1.0134,0.4985,100.0,100.0,1.0,0.456,100.0,100.0,100.0,1.0,0.182,,0.0,0.0,0.0,0.182,0.456,0.4985,1.1365,2009,11,30,720,144000000,0,0,0.0,,,,,,,,,8,0.0,0.0,0.0,0.0,0.0,0.0,,0.0,0.0,0.0,,0.0,0,0,0,,0
4,2009-12-01,0.0,0.1177,0.0,3.0,100.3583,102.327,103.3113,1.0233,0.5034,100.0,100.0,1.0,0.456,100.0,100.0,100.0,1.0,0.182,,0.0,0.0,0.0,0.182,0.456,0.5034,1.1414,2009,12,31,744,148800000,0,0,0.0,,,,,,,,,9,0.0,0.0,0.0,0.0,0.0,0.0,,0.0,0.0,0.0,,0.0,0,0,0,,0
5,2010-01-01,0.0,0.1177,0.0,4.0,100.3583,103.3113,104.2957,1.0331,0.5082,100.0,100.0,1.0,0.456,100.0,100.0,100.0,1.0,0.182,,0.0,0.0,0.0,0.182,0.456,0.5082,1.1462,2010,1,31,744,148800000,0,0,0.0,,,,,,,,,10,0.0,0.0,0.0,0.0,0.0,0.0,,0.0,0.0,0.0,,0.0,0,0,0,,0
6,2010-02-01,0.0,0.1177,0.0,5.0,100.3583,104.2957,105.28,1.043,0.5131,100.0,100.0,1.0,0.456,100.0,100.0,100.0,1.0,0.182,,0.0,0.0,0.0,0.182,0.456,0.5131,1.1511,2010,2,28,672,134400000,0,0,0.0,,,,,,,,,11,0.0,0.0,0.0,0.0,0.0,0.0,,0.0,0.0,0.0,,0.0,0,0,0,,0
7,2010-03-01,0.0,0.1177,0.0,6.0,100.3583,105.28,106.2644,1.0528,0.5179,100.0,100.0,1.0,0.456,100.0,100.0,100.0,1.0,0.182,,0.0,0.0,0.0,0.182,0.456,0.5179,1.1559,2010,3,31,744,148800000,0,0,0.0,,,,,,,,,12,0.0,0.0,0.0,0.0,0.0,0.0,,0.0,0.0,0.0,,0.0,0,0,0,,0
8,2010-04-01,0.0492,0.0,0.0,1.0,106.2644,106.2644,106.2644,1.0626,0.5227,100.0,100.41,1.0,0.456,100.0,100.0,100.0,1.0,0.182,,0.0,0.0,0.0,0.182,0.456,0.5227,1.1607,2010,4,30,720,144000000,0,0,0.0,,,,,,,,,1,0.0,0.0,0.0,0.0,0.0,0.0,,0.0,0.0,0.0,,0.0,0,0,0,,0
9,2010-05-01,0.0492,0.0,0.0,2.0,106.2644,106.2644,106.2644,1.0626,0.5227,100.41,100.82,1.0041,0.4578,100.0,100.0,100.0,1.0,0.182,,0.0,0.0,0.0,0.182,0.4578,0.5227,1.1625,2010,5,31,744,148800000,0,0,0.0,,,,,,,,,2,0.0,0.0,0.0,0.0,0.0,0.0,,0.0,0.0,0.0,,0.0,0,0,0,,0
10,2010-06-01,0.0492,0.0,0.0,3.0,106.2644,106.2644,106.2644,1.0626,0.5227,100.82,101.23,1.0082,0.4597,100.0,100.0,100.0,1.0,0.182,,0.0,0.0,0.0,0.182,0.4597,0.5227,1.1644,2010,6,30,720,144000000,0,0,0.0,,,,,,,,,3,0.0,0.0,0.0,0.0,0.0,0.0,,0.0,0.0,0.0,,0.0,0,0,0,,0
11,2010-07-01,0.0492,0.0,0.0,4.0,106.2644,106.2644,106.2644,1.0626,0.5227,101.23,101.64,1.0123,0.4616,100.0,100.0,100.0,1.0,0.182,,0.0,0.0,0.0,0.182,0.4616,0.5227,1.1663,2010,7,31,744,148800000,0,0,0.0,,,,,,,,,4,0.0,0.0,0.0,0.0,0.0,0.0,,0.0,0.0,0.0,,0.0,0,0,0,,0
12,2010-08-01,0.0492,0.0,0.0,5.0,106.2644,106.2644,106.2644,1.0626,0.5227,101.64,102.05,1.0164,0.4634,100.0,100.0,100.0,1.0,0.182,,0.0,0.0,0.0,0.182,0.4634,0.5227,1.1681,2010,8,31,744,148800000,0,0,0.0,,,,,,,,,5,0.0,0.0,0.0,0.0,0.0,0.0,,0.0,0.0,0.0,,0.0,0,0,0,,0
13,2010-09-01,0.0492,0.0,0.0,6.0,106.2644,106.2644,106.2644,1.0626,0.5227,102.05,102.46,1.0205,0.4653,100.0,100.0,100.0,1.0,0.182,,0.0,0.0,0.0,0.182,0.4653,0.5227,1.17,2010,9,30,720,144000000,0,0,0.0,,,,,,,,,6,0.0,0.0,0.0,0.0,0.0,0.0,,0.0,0.0,0.0,,0.0,0,0,0,,0
14,2010-10-01,0.18,0.0,0.0,1.0,106.2644,106.2644,106.2644,1.0626,0.5227,102.46,103.9969,1.0246,0.4672,102.46,100.0,100.0,1.0,0.182,,0.0,0.0,0.0,0.182,0.4672,0.5227,1.1719,2010,10,31,744,148800000,0,0,0.0,,,,,,,,,7,0.0,0.0,0.0,0.0,0.0,0.0,,0.0,0.0,0.0,,0.0,0,0,0,,0
15,2010-11-01,0.18,0.0,0.0,2.0,106.2644,106.2644,106.2644,1.0626,0.5227,103.9969,105.5338,1.04,0.4742,102.46,100.0,100.0,1.0,0.182,,0.0,0.0,0.0,0.182,0.4742,0.5227,1.1789,2010,11,30,720,144000000,0,0,0.0,,,,,,,,,8,0.0,0.0,0.0,0.0,0.0,0.0,,0.0,0.0,0.0,,0.0,0,0,0,,0
16,2010-12-01,0.18,0.0,0.0,3.0,106.2644,106.2644,106.2644,1.0626,0.5227,105.5338,107.0707,1.0553,0.4812,102.46,100.0,100.0,1.0,0.182,,0.0,0.0,0.0,0.182,0.4812,0.5227,1.1859000000000002,2010,12,31,744,148800000,0,0,0.0,,,,,,,,,9,0.0,0.0,0.0,0.0,0.0,0.0,,0.0,0.0,0.0,,0.0,0,0,0,,0
17,2011-01-01,0.18,0.0,0.0,4.0,106.2644,106.2644,106.2644,1.0626,0.5227,107.0707,108.6076,1.0707,0.4882,102.46,100.0,100.0,1.0,0.182,,0.0,0.0,0.0,0.182,0.4882,0.5227,1.1929,2011,1,31,744,148800000,0,0,0.0,,,,,,,,,10,0.0,0.0,0.0,0.0,0.0,0.0,,0.0,0.0,0.0,,0.0,0,0,0,,0
18,2011-02-01,0.18,0.0,0.0,5.0,106.2644,106.2644,106.2644,1.0626,0.5227,108.6076,110.1445,1.0861,0.4952,102.46,100.0,100.0,1.0,0.182,,0.0,0.0,0.0,0.182,0.4952,0.5227,1.1999,2011,2,28,672,134400000,0,0,0.0,,,,,,,,,11,0.0,0.0,0.0,0.0,0.0,0.0,,0.0,0.0,0.0,,0.0,0,0,0,,0
19,2011-03-01,0.18,0.0,0.0,6.0,106.2644,106.2644,106.2644,1.0626,0.5227,110.1445,111.6814,1.1014,0.5022,102.46,100.0,100.0,1.0,0.182,,0.0,0.0,0.0,0.182,0.5022,0.5227,1.2069,2011,3,31,744,148800000,0,0,0.0,,,,,,,,,12,0.0,0.0,0.0,0.0,0.0,0.0,,0.0,0.0,0.0,,0.0,0,0,0,,0
20,2011-04-01,0.0,0.0021,0.0,1.0,106.2644,106.2644,106.283,1.0626,0.5227,111.6814,111.6814,1.1168,0.5092,111.6814,100.0,100.0,1.0,0.182,,0.0,0.0,0.0,0.182,0.5092,0.5227,1.2139000000000002,2011,4,30,720,144000000,0,0,0.0,,,,,,,,,1,0.0,0.0,0.0,0.0,0.0,0.0,,0.0,0.0,0.0,,0.0,0,0,0,,0
21,2011-05-01,0.0,0.0021,0.0,2.0,106.2644,106.283,106.3016,1.0628,0.5228,111.6814,111.6814,1.1168,0.5092,111.6814,100.0,100.0,1.0,0.182,,0.0,0.0,0.0,0.182,0.5092,0.5228,1.214,2011,5,31,744,148800000,0,0,0.0,,,,,,,,,2,0.0,0.0,0.0,0.0,0.0,0.0,,0.0,0.0,0.0,,0.0,0,0,0,,0
22,2011-06-01,0.0,0.0021,0.0,3.0,106.2644,106.3016,106.3202,1.063,0.5229,111.6814,111.6814,1.1168,0.5092,111.6814,100.0,100.0,1.0,0.182,,0.0,0.0,0.0,0.182,0.5092,0.5229,1.2141000000000002,2011,6,30,720,144000000,0,0,0.0,,,,,,,,,3,0.0,0.0,0.0,0.0,0.0,0.0,,0.0,0.0,0.0,,0.0,0,0,0,,0
23,2011-07-01,0.0,0.0021,0.0,4.0,106.2644,106.3202,106.3388,1.0632,0.523,111.6814,111.6814,1.1168,0.5092,111.6814,100.0,100.0,1.0,0.182,,0.0,0.0,0.0,0.182,0.5092,0.523,1.2142,2011,7,31,744,148800000,0,0,0.0,,,,,,,,,4,0.0,0.0,0.0,0.0,0.0,0.0,,0.0,0.0,0.0,,0.0,0,0,0,,0
24,2011-08-01,0.0,0.0021,0.0,5.0,106.2644,106.3388,106.3574,1.0634,0.5231,111.6814,111.6814,1.1168,0.5092,111.6814,100.0,100.0,1.0,0.182,,0.0,0.0,0.0,0.182,0.5092,0.5231,1.2143000000000002,2011,8,31,744,148800000,0,0,0.0,,,,,,,,,5,0.0,0.0,0.0,0.0,0.0,0.0,,0.0,0.0,0.0,,0.0,0,0,0,,0
25,2011-09-01,0.0,0.0021,0.0,6.0,106.2644,106.3574,106.376,1.0636,0.5232,111.6814,111.6814,1.1168,0.5092,111.6814,100.0,100.0,1.0,0.182,,0.0,0.0,0.0,0.182,0.5092,0.5232,1.2144,2011,9,30,720,144000000,0,0,0.0,,,,,,,,,6,0.0,0.0,0.0,0.0,0.0,0.0,,0.0,0.0,0.0,,0.0,0,0,0,,0
26,2011-10-01,0.3821,0.0777,0.0,1.0,106.376,106.376,107.0648,1.0638,0.5233,111.6814,115.2375,1.1168,0.5092,111.6814,100.0,100.0,1.0,0.182,,0.0,0.0,0.0,0.182,0.5092,0.5233,1.2145,2011,10,31,744,148800000,0,0,0.0,,,,,,,,,7,0.0,0.0,0.0,0.0,0.0,0.0,,0.0,0.0,0.0,,0.0,0,0,0,,0
27,2011-11-01,0.3821,0.0777,0.0,2.0,106.376,107.0648,107.7536,1.0706,0.5267,115.2375,118.7936,1.1524,0.5254,111.6814,100.0,100.0,1.0,0.182,,0.0,0.0,0.0,0.182,0.5254,0.5267,1.2341,2011,11,30,720,144000000,0,0,0.0,,,,,,,,,8,0.0,0.0,0.0,0.0,0.0,0.0,,0.0,0.0,0.0,,0.0,0,0,0,,0
28,2011-12-01,0.3821,0.0777,0.0,3.0,106.376,107.7536,108.4424,1.0775,0.5301,118.7936,122.3498,1.1879,0.5416,111.6814,100.0,100.0,1.0,0.182,,0.0,0.0,0.0,0.182,0.5416,0.5301,1.2537,2011,12,31,744,148800000,0,0,0.0,,,,,,,,,9,0.0,0.0,0.0,0.0,0.0,0.0,,0.0,0.0,0.0,,0.0,0,0,0,,0
29,2012-01-01,0.3821,0.0777,0.0,4.0,106.376,108.4424,109.1311,1.0844,0.5335,122.3498,125.9059,1.2235,0.5579,111.6814,100.0,100.0,1.0,0.182,,0.0,0.0,0.0,0.182,0.5579,0.5335,1.2734,2012,1,31,744,148800000,0,0,0.0,,,,,,,,,10,0.0,0.0,0.0,0.0,0.0,0.0,,0.0,0.0,0.0,,0.0,0,0,0,,0
30,2012-02-01,0.3821,0.0777,0.0,5.0,106.376,109.1311,109.8199,1.0913,0.5369,125.9059,129.46200000000002,1.2591,0.5741,111.6814,100.0,100.0,1.0,0.182,,0.0,0.0,0.0,0.182,0.5741,0.5369,1.2930000000000001,2012,2,29,696,139200000,0,0,0.0,,,,,,,,,11,0.0,0.0,0.0,0.0,0.0,0.0,,0.0,0.0,0.0,,0.0,0,0,0,,0
31,2012-03-01,0.3821,0.0777,0.0,6.0,106.376,109.8199,110.5087,1.0982,0.5403,129.46200000000002,133.0181,1.2946,0.5903,111.6814,100.0,100.0,1.0,0.182,,0.0,0.0,0.0,0.182,0.5903,0.5403,1.3126,2012,3,31,744,148800000,0,0,0.0,,,,,,,,,12,0.0,0.0,0.0,0.0,0.0,0.0,,0.0,0.0,0.0,,0.0,0,0,0,,0
32,2012-04-01,0.131,0.0,0.0,1.0,110.5087,110.5087,110.5087,1.1051,0.5437,133.0181,134.4702,1.3302,0.6065,133.0181,100.0,100.0,1.0,0.182,,0.0,0.0,0.0,0.182,0.6065,0.5437,1.3321999999999998,2012,4,30,720,144000000,0,0,0.0,,,,,,,,,1,0.0,0.0,0.0,0.0,0.0,0.0,,0.0,0.0,0.0,,0.0,0,0,0,,0
33,2012-05-01,0.131,0.0,0.0,2.0,110.5087,110.5087,110.5087,1.1051,0.5437,134.4702,135.9223,1.3447,0.6131,133.0181,100.0,100.0,1.0,0.182,,0.0,0.0,0.0,0.182,0.6131,0.5437,1.3388,2012,5,31,744,148800000,0,0,0.0,,,,,,,,,2,0.0,0.0,0.0,0.0,0.0,0.0,,0.0,0.0,0.0,,0.0,0,0,0,,0
34,2012-06-01,0.131,0.0,0.0,3.0,110.5087,110.5087,110.5087,1.1051,0.5437,135.9223,137.3744,1.3592,0.6197,133.0181,100.0,100.0,1.0,0.182,,0.0,0.0,0.0,0.182,0.6197,0.5437,1.3454000000000002,2012,6,30,720,144000000,0,0,0.0,,,,,,,,,3,0.0,0.0,0.0,0.0,0.0,0.0,,0.0,0.0,0.0,,0.0,0,0,0,,0
35,2012-07-01,0.131,0.0,0.0,4.0,110.5087,110.5087,110.5087,1.1051,0.5437,137.3744,138.8266,1.3737,0.6264,133.0181,100.0,100.0,1.0,0.182,,0.0,0.0,0.0,0.182,0.6264,0.5437,1.3521,2012,7,31,744,148800000,0,0,0.0,,,,,,,,,4,0.0,0.0,0.0,0.0,0.0,0.0,,0.0,0.0,0.0,,0.0,0,0,0,,0
36,2012-08-01,0.131,0.0,0.0,5.0,110.5087,110.5087,110.5087,1.1051,0.5437,138.8266,140.2787,1.3883,0.633,133.0181,100.0,100.0,1.0,0.182,,0.0,0.0,0.0,0.182,0.633,0.5437,1.3586999999999998,2012,8,31,744,148800000,0,0,0.0,,,,,,,,,5,0.0,0.0,0.0,0.0,0.0,0.0,,0.0,0.0,0.0,,0.0,0,0,0,,0
37,2012-09-01,0.131,0.0,0.0,6.0,110.5087,110.5087,110.5087,1.1051,0.5437,140.2787,141.7308,1.4028,0.6396,133.0181,100.0,100.0,1.0,0.182,,0.0,0.0,0.0,0.182,0.6396,0.5437,1.3653,2012,9,30,720,144000000,0,0,0.0,,,,,,,,,6,0.0,0.0,0.0,0.0,0.0,0.0,,0.0,0.0,0.0,,0.0,0,0,0,,0
38,2012-10-01,0.0398,0.2556,0.0,1.0,110.5087,110.5087,112.8625,1.1051,0.5437,141.7308,142.2009,1.4173,0.6462,141.7308,100.0,100.0,1.0,0.182,,0.0,0.0,0.0,0.182,0.6462,0.5437,1.3719,2012,10,31,744,148800000,0,0,0.0,,,,,,,,,7,0.0,0.0,0.0,0.0,0.0,0.0,,0.0,0.0,0.0,,0.0,0,0,0,,0
39,2012-11-01,0.0398,0.2556,0.0,2.0,110.5087,112.8625,115.2164,1.1286,0.5552,142.2009,142.6709,1.422,0.6484,141.7308,100.0,100.0,1.0,0.182,,0.0,0.0,0.0,0.182,0.6484,0.5552,1.3856000000000002,2012,11,30,720,144000000,0,0,0.0,,,,,,,,,8,0.0,0.0,0.0,0.0,0.0,0.0,,0.0,0.0,0.0,,0.0,0,0,0,,0
40,2012-12-01,0.0398,0.2556,0.0,3.0,110.5087,115.2164,117.5702,1.1522,0.5668,142.6709,143.141,1.4267,0.6505,141.7308,100.0,100.0,1.0,0.182,,0.0,0.0,0.0,0.182,0.6505,0.5668,1.3993,2012,12,31,744,148800000,0,0,0.0,,,,,,,,,9,0.0,0.0,0.0,0.0,0.0,0.0,,0.0,0.0,0.0,,0.0,0,0,0,,0
41,2013-01-01,0.0398,0.2556,0.0,4.0,110.5087,117.5702,119.924,1.1757,0.5784,143.141,143.6111,1.4314,0.6527,141.7308,100.0,100.0,1.0,0.182,,0.0,0.0,0.0,0.182,0.6527,0.5784,1.4131,2013,1,31,744,148800000,0,0,0.0,,,,,,,,,10,0.0,0.0,0.0,0.0,0.0,0.0,,0.0,0.0,0.0,,0.0,0,0,0,,0
42,2013-02-01,0.0398,0.2556,0.0,5.0,110.5087,119.924,122.2779,1.1992,0.59,143.6111,144.0812,1.4361,0.6548,141.7308,100.0,100.0,1.0,0.182,,0.0,0.0,0.0,0.182,0.6548,0.59,1.4268,2013,2,28,672,134400000,0,0,0.0,,,,,,,,,11,0.0,0.0,0.0,0.0,0.0,0.0,,0.0,0.0,0.0,,0.0,0,0,0,,0
43,2013-03-01,0.0398,0.2556,0.0,6.0,110.5087,122.2779,124.6317,1.2228,0.6016,144.0812,144.5512,1.4408,0.657,141.7308,100.0,100.0,1.0,0.182,,0.0,0.0,0.0,0.182,0.657,0.6016,1.4406,2013,3,31,744,148800000,0,0,0.0,,,,,,,,,12,0.0,0.0,0.0,0.0,0.0,0.0,,0.0,0.0,0.0,,0.0,0,0,0,,0
44,2013-04-01,0.0831,0.1281,0.0,1.0,124.6317,124.6317,125.9621,1.2463,0.6131,144.5512,145.5522,1.4455,0.6591,144.5512,100.0,100.0,1.0,0.182,,0.0,0.0,0.0,0.182,0.6591,0.6131,1.4542,2013,4,30,720,144000000,0,0,0.0,,,,,,,,,1,0.0,0.0,0.0,0.0,0.0,0.0,,0.0,0.0,0.0,,0.0,0,0,0,,0
45,2013-05-01,0.0831,0.1281,0.0,2.0,124.6317,125.9621,127.2926,1.2596,0.6197,145.5522,146.5532,1.4555,0.6637,144.5512,100.0,100.0,1.0,0.182,,0.0,0.0,0.0,0.182,0.6637,0.6197,1.4653999999999998,2013,5,31,744,148800000,0,0,0.0,,,,,,,,,2,0.0,0.0,0.0,0.0,0.0,0.0,,0.0,0.0,0.0,,0.0,0,0,0,,0
46,2013-06-01,0.0831,0.1281,0.0,3.0,124.6317,127.2926,128.623,1.2729,0.6262,146.5532,147.5543,1.4655,0.6682,144.5512,100.0,100.0,1.0,0.182,,0.0,0.0,0.0,0.182,0.6682,0.6262,1.4764,2013,6,30,720,144000000,0,0,0.0,,,,,,,,,3,0.0,0.0,0.0,0.0,0.0,0.0,,0.0,0.0,0.0,,0.0,0,0,0,,0
47,2013-07-01,0.0831,0.1281,0.0,4.0,124.6317,128.623,129.9535,1.2862,0.6328,147.5543,148.5553,1.4755,0.6728,144.5512,100.0,100.0,1.0,0.182,,0.0,0.0,0.0,0.182,0.6728,0.6328,1.4876,2013,7,31,744,148800000,0,0,0.0,,,,,,,,,4,0.0,0.0,0.0,0.0,0.0,0.0,,0.0,0.0,0.0,,0.0,0,0,0,,0
48,2013-08-01,0.0831,0.1281,0.0,5.0,124.6317,129.9535,131.2839,1.2995,0.6393,148.5553,149.5563,1.4856,0.6774,144.5512,100.0,100.0,1.0,0.182,,0.0,0.0,0.0,0.182,0.6774,0.6393,1.4987,2013,8,31,744,148800000,0,0,0.0,,,,,,,,,5,0.0,0.0,0.0,0.0,0.0,0.0,,0.0,0.0,0.0,,0.0,0,0,0,,0
49,2013-09-01,0.0831,0.1281,0.0,6.0,124.6317,131.2839,132.6144,1.3128,0.6458,149.5563,150.5573,1.4956,0.6819,144.5512,100.0,100.0,1.0,0.182,,0.0,0.0,0.0,0.182,0.6819,0.6458,1.5097,2013,9,30,720,144000000,0,0,0.0,,,,,,,,,6,0.0,0.0,0.0,0.0,0.0,0.0,,0.0,0.0,0.0,,0.0,0,0,0,,0
50,2013-10-01,0.0182,0.058,0.0618,1.0,132.6144,132.6144,133.2554,1.3261,0.6524,150.5573,150.7856,1.5056,0.6865,150.5573,100.0,100.0,1.0,0.182,,0.0,0.0,0.0,0.182,0.6865,0.6524,1.5209,2013,10,31,744,148800000,0,0,0.0,,,,,,,,,7,0.0,0.0,0.0,0.0,0.0,0.0,,0.0,0.0,0.0,,0.0,0,0,0,,0
51,2013-11-01,0.0182,0.058,0.0618,2.0,132.6144,133.2554,133.8963,1.3326,0.6556,150.7856,151.014,1.5079,0.6876,150.5573,100.0,100.0,1.0,0.182,,0.0,0.0,0.0,0.182,0.6876,0.6556,1.5252,2013,11,30,720,144000000,0,0,0.0,,,,,,,,,8,0.0,0.0,0.0,0.0,0.0,0.0,,0.0,0.0,0.0,,0.0,0,0,0,,0
52,2013-12-01,0.0182,0.058,0.0618,3.0,132.6144,133.8963,134.5373,1.339,0.6587,151.014,151.2423,1.5101,0.6886,150.5573,100.0,100.0,1.0,0.182,,0.0,0.0,0.0,0.182,0.6886,0.6587,1.5293,2013,12,31,744,148800000,0,0,0.0,,,,,,,,,9,0.0,0.0,0.0,0.0,0.0,0.0,,0.0,0.0,0.0,,0.0,0,0,0,,0
53,2014-01-01,0.0182,0.058,0.0618,4.0,132.6144,134.5373,135.1783,1.3454,0.6619,151.2423,151.4707,1.5124,0.6896,150.5573,100.0,100.0,1.0,0.182,,0.0,0.0,0.0,0.182,0.6896,0.6619,1.5335,2014,1,31,744,148800000,0,0,0.0,,,,,,,,,10,0.0,0.0,0.0,0.0,0.0,0.0,,0.0,0.0,0.0,,0.0,0,0,0,,0
54,2014-02-01,0.0182,0.058,0.0618,5.0,132.6144,135.1783,135.8192,1.3518,0.665,151.4707,151.69899999999996,1.5147,0.6907,150.5573,100.0,100.0,1.0,0.182,,0.0,0.0,0.0,0.182,0.6907,0.665,1.5377,2014,2,28,672,134400000,0,0,0.0,,,,,,,,,11,0.0,0.0,0.0,0.0,0.0,0.0,,0.0,0.0,0.0,,0.0,0,0,0,,0
55,2014-03-01,0.0182,0.058,0.0618,6.0,132.6144,135.8192,136.4602,1.3582,0.6682,151.69899999999996,151.9274,1.517,0.6917,150.5573,100.0,100.2492,1.0,0.182,,1.26,0.0,0.0,1.442,0.6917,0.6682,2.8019000000000003,2014,3,31,744,148800000,0,0,0.0,,,,,,,,,12,0.0,0.0,0.0,0.0,0.0,0.0,,0.0,0.0,0.0,,0.0,0,0,0,,0
56,2014-04-01,0.0977,0.0717,0.1069,1.0,136.4602,136.4602,137.2755,1.3646,0.6713,151.9274,153.1643,1.5193,0.6928,151.9274,100.2492,101.1423,1.0025,0.1824,100.2492,1.141,0.0,0.0,1.3234,0.6928,0.6713,2.6875,2014,4,30,720,144000000,0,0,0.0,,,,,,,,,1,0.0,0.0,0.0,0.0,0.0,0.0,,0.0,0.0,0.0,,0.0,0,0,0,,0
57,2014-05-01,0.0977,0.0717,0.1069,2.0,136.4602,137.2755,138.0909,1.3728,0.6754,153.1643,154.4013,1.5316,0.6984,151.9274,101.1423,102.0353,1.0114,0.184,100.2492,1.141,0.0,0.0,1.325,0.6984,0.6754,2.6988000000000003,2014,5,31,744,148800000,0,0,0.0,,,,,,,,,2,0.0,0.0,0.0,0.0,0.0,0.0,,0.0,0.0,0.0,,0.0,0,0,0,,0
58,2014-06-01,0.0977,0.0717,0.1069,3.0,136.4602,138.0909,138.9062,1.3809,0.6794,154.4013,155.6382,1.544,0.7040000000000001,151.9274,102.0353,102.9284,1.0204,0.1857,100.2492,1.141,0.0,0.0,1.3267,0.7040000000000001,0.6794,2.7101,2014,6,30,720,144000000,0,0,0.0,,,,,,,,,3,0.0,0.0,0.0,0.0,0.0,0.0,,0.0,0.0,0.0,,0.0,0,0,0,,0
59,2014-07-01,0.0977,0.0717,0.1069,4.0,136.4602,138.9062,139.7216,1.3891,0.6834,155.6382,156.8752,1.5564,0.7097,151.9274,102.9284,103.8214,1.0293,0.1873,100.2492,1.141,0.0,0.0,1.3283,0.7097,0.6834,2.7214,2014,7,31,744,148800000,0,0,0.0,,,,,,,,,4,0.0,0.0,0.0,0.0,0.0,0.0,,0.0,0.0,0.0,,0.0,0,0,0,,0
60,2014-08-01,0.0977,0.0717,0.1069,5.0,136.4602,139.7216,140.5369,1.3972,0.6874,156.8752,158.1121,1.5688,0.7153,151.9274,103.8214,104.7145,1.0382,0.1889,100.2492,1.141,0.0,0.0,1.3299,0.7153,0.6874,2.7326000000000006,2014,8,31,744,148800000,0,0,0.0,,,,,,,,,5,0.0,0.0,0.0,0.0,0.0,0.0,,0.0,0.0,0.0,,0.0,0,0,0,,0
61,2014-09-01,0.0977,0.0717,0.1069,6.0,136.4602,140.5369,141.3523,1.4054,0.6914,158.1121,159.3491,1.5811,0.7209,151.9274,104.7145,105.6075,1.0471,0.1905,100.2492,1.141,0.0,0.0,1.3315,0.7209,0.6914,2.7438,2014,9,30,720,144000000,0,0,0.0,,,,,,,,,6,0.0,0.0,0.0,0.0,0.0,0.0,,0.0,0.0,0.0,,0.0,0,0,0,,0
62,2014-10-01,0.0827,0.0229,0.016,1.0,141.3523,141.3523,141.622,1.4135,0.6954,159.3491,160.4473,1.5935,0.7266,159.3491,105.6075,105.7483,1.0561,0.1922,105.6075,1.141,0.0,0.0,1.3332,0.7266,0.6954,2.7552000000000003,2014,10,31,744,148800000,0,0,0.0,,,,,,,,,7,0.0,0.0,0.0,0.0,0.0,0.0,,0.0,0.0,0.0,,0.0,0,0,0,,0
63,2014-11-01,0.0827,0.0229,0.016,2.0,141.3523,141.622,141.8918,1.4162,0.6967,160.4473,161.5455,1.6045,0.7316,159.3491,105.7483,105.8891,1.0575,0.1924,105.6075,1.141,0.0,0.0,1.3334,0.7316,0.6967,2.7617,2014,11,30,720,144000000,0,0,0.0,,,,,,,,,8,0.0,0.0,0.0,0.0,0.0,0.0,,0.0,0.0,0.0,,0.0,0,0,0,,0
64,2014-12-01,0.0827,0.0229,0.016,3.0,141.3523,141.8918,142.1615,1.4189,0.698,161.5455,162.6436,1.6155,0.7366,159.3491,105.8891,106.0299,1.0589,0.1927,105.6075,1.141,0.0,0.0,1.3337,0.7366,0.698,2.7683,2014,12,31,744,148800000,0,0,0.0,,,,,,,,,9,0.0,0.0,0.0,0.0,0.0,0.0,,0.0,0.0,0.0,,0.0,0,0,0,,0
65,2015-01-01,0.0827,0.0229,0.016,4.0,141.3523,142.1615,142.4313,1.4216,0.6994,162.6436,163.7418,1.6264,0.7416,159.3491,106.0299,106.1707,1.0603,0.1929,105.6075,1.141,0.0,0.0,1.3339,0.7416,0.6994,2.7749,2015,1,31,744,148800000,0,0,0.0,,,,,,,,,10,0.0,0.0,0.0,0.0,0.0,0.0,,0.0,0.0,0.0,,0.0,0,0,0,,0
66,2015-02-01,0.0827,0.0229,0.016,5.0,141.3523,142.4313,142.701,1.4243,0.7007,163.7418,164.84,1.6374,0.7466,159.3491,106.1707,106.3116,1.0617,0.1932,105.6075,1.141,0.0,0.0,1.3342,0.7466,0.7007,2.7815,2015,2,28,672,134400000,0,0,0.0,,,,,,,,,11,0.0,0.0,0.0,0.0,0.0,0.0,,0.0,0.0,0.0,,0.0,0,0,0,,0
67,2015-03-01,0.0827,0.0229,0.016,6.0,141.3523,142.701,142.9708,1.4269999999999998,0.7020000000000001,164.84,165.9382,1.6484,0.7516,159.3491,106.3116,106.4524,1.0631,0.1934,105.6075,1.141,0.0,0.0,1.3344,0.7516,0.7020000000000001,2.7880000000000003,2015,3,31,744,148800000,0,0,0.0,,,,,,,,,12,0.0,0.0,0.0,0.0,0.0,0.0,,0.0,0.0,0.0,,0.0,0,0,0,,0
68,2015-04-01,0.0,0.1248,0.0608,1.0,142.9708,142.9708,144.4577,1.4297,0.7034,165.9382,165.9382,1.6594,0.7566,165.9382,106.4524,106.9918,1.0645,0.1937,106.4524,1.102,0.0,0.0,1.2957,0.7566,0.7034,2.7557,2015,4,30,720,144000000,0,0,0.0,,,,,,,,,1,0.0,0.0,0.0,0.0,0.0,0.0,,0.0,0.0,0.0,,0.0,0,0,0,,0
69,2015-05-01,0.0,0.1248,0.0608,2.0,142.9708,144.4577,145.9446,1.4446,0.7107,165.9382,165.9382,1.6594,0.7566,165.9382,106.9918,107.5311,1.0699,0.1947,106.4524,1.102,0.0,0.0,1.2967000000000002,0.7566,0.7107,2.764,2015,5,31,744,148800000,0,0,0.0,,,,,,,,,2,0.0,0.0,0.0,0.0,0.0,0.0,,0.0,0.0,0.0,,0.0,0,0,0,,0
70,2015-06-01,0.0,0.1248,0.0608,3.0,142.9708,145.9446,147.4315,1.4594,0.718,165.9382,165.9382,1.6594,0.7566,165.9382,107.5311,108.0705,1.0753,0.1957,106.4524,1.102,0.0,0.0,1.2977,0.7566,0.718,2.7723,2015,6,30,720,144000000,0,0,0.0,,,,,,,,,3,0.0,0.0,0.0,0.0,0.0,0.0,,0.0,0.0,0.0,,0.0,0,0,0,,0
71,2015-07-01,0.0,0.1248,0.0608,4.0,142.9708,147.4315,148.9184,1.4743,0.7253,165.9382,165.9382,1.6594,0.7566,165.9382,108.0705,108.6098,1.0807,0.1966,106.4524,1.102,0.0,0.0,1.2986,0.7566,0.7253,2.7805,2015,7,31,744,148800000,0,0,0.0,,,,,,,,,4,0.0,0.0,0.0,0.0,0.0,0.0,,0.0,0.0,0.0,,0.0,0,0,0,,0
72,2015-08-01,0.0,0.1248,0.0608,5.0,142.9708,148.9184,150.4053,1.4892,0.7326,165.9382,165.9382,1.6594,0.7566,165.9382,108.6098,109.1492,1.0861,0.1976,106.4524,1.102,0.0,0.0,1.2996,0.7566,0.7326,2.7888,2015,8,31,744,148800000,0,0,0.0,,,,,,,,,5,0.0,0.0,0.0,0.0,0.0,0.0,,0.0,0.0,0.0,,0.0,0,0,0,,0
73,2015-09-01,0.0,0.1248,0.0608,6.0,142.9708,150.4053,151.8922,1.5041,0.74,165.9382,165.9382,1.6594,0.7566,165.9382,109.1492,109.6886,1.0915,0.1986,106.4524,1.102,0.0,0.0,1.3006000000000002,0.7566,0.74,2.7972,2015,9,30,720,144000000,0,0,0.0,,,,,,,,,6,0.0,0.0,0.0,0.0,0.0,0.0,,0.0,0.0,0.0,,0.0,0,0,0,,0
74,2015-10-01,0.0,0.0633,-0.0231,1.0,151.8922,151.8922,152.6934,1.5189,0.7472,165.9382,165.9382,1.6594,0.7566,165.9382,109.6886,109.4774,1.0969,0.1996,109.6886,1.102,0.0,0.0,1.3016,0.7566,0.7472,2.8054,2015,10,31,744,148800000,0,0,0.0,,,,,,,,,7,0.0,0.0,0.0,0.0,0.0,0.0,,0.0,0.0,0.0,,0.0,0,0,0,,0
75,2015-11-01,0.0,0.0633,-0.0231,2.0,151.8922,152.6934,153.4947,1.5269,0.7512,165.9382,165.9382,1.6594,0.7566,165.9382,109.4774,109.2663,1.0948,0.1992,109.6886,1.102,0.0,0.0,1.3012,0.7566,0.7512,2.809,2015,11,30,720,144000000,0,0,0.0,,,,,,,,,8,0.0,0.0,0.0,0.0,0.0,0.0,,0.0,0.0,0.0,,0.0,0,0,0,,0
76,2015-12-01,0.0,0.0633,-0.0231,3.0,151.8922,153.4947,154.2959,1.5349,0.7551,165.9382,165.9382,1.6594,0.7566,165.9382,109.2663,109.0551,1.0927,0.1988,109.6886,1.102,0.0,0.0,1.3008000000000002,0.7566,0.7551,2.8125000000000004,2015,12,31,744,148800000,0,0,0.0,,,,,,,,,9,0.0,0.0,0.0,0.0,0.0,0.0,,0.0,0.0,0.0,,0.0,0,0,0,,0
77,2016-01-01,0.0,0.0633,-0.0231,4.0,151.8922,154.2959,155.0971,1.543,0.7591,165.9382,165.9382,1.6594,0.7566,165.9382,109.0551,108.844,1.0906,0.1984,109.6886,1.102,0.0,0.0,1.3004,0.7566,0.7591,2.8161,2016,1,31,744,148800000,0,0,0.0,,,,,,,,,10,0.0,0.0,0.0,0.0,0.0,0.0,,0.0,0.0,0.0,,0.0,0,0,0,,0
78,2016-02-01,0.0,0.0633,-0.0231,5.0,151.8922,155.0971,155.8984,1.551,0.763,165.9382,165.9382,1.6594,0.7566,165.9382,108.844,108.6328,1.0884,0.198,109.6886,1.102,0.0,0.0,1.3,0.7566,0.763,2.8196,2016,2,29,696,139200000,0,0,0.0,,,,,,,,,11,0.0,0.0,0.0,0.0,0.0,0.0,,0.0,0.0,0.0,,0.0,0,0,0,,0
79,2016-03-01,0.0,0.0633,-0.0231,6.0,151.8922,155.8984,156.6996,1.5590000000000002,0.767,165.9382,165.9382,1.6594,0.7566,165.9382,108.6328,108.4217,1.0863,0.1977,109.6886,1.102,0.0,0.0,1.2997,0.7566,0.767,2.8233,2016,3,31,744,148800000,0,0,0.0,,,,,,,,,12,0.0,0.0,0.0,0.0,0.0,0.0,,0.0,0.0,0.0,,0.0,0,0,0,,0
80,2016-04-01,0.0,0.0613,0.0409,1.0,156.6996,156.6996,157.5001,1.567,0.7709,165.9382,165.9382,1.6594,0.7566,165.9382,108.4217,108.7912,1.0842,0.1973,108.4217,1.068,0.0,0.0,1.2653,0.7566,0.7709,2.7928,2016,4,30,720,144000000,0,0,0.0,,,,,,,,,1,0.0,0.0,0.0,0.0,0.0,0.0,,0.0,0.0,0.0,,0.0,0,0,0,,0
81,2016-05-01,0.0,0.0613,0.0409,2.0,156.6996,157.5001,158.3005,1.575,0.7748,165.9382,165.9382,1.6594,0.7566,165.9382,108.7912,109.1608,1.0879,0.1979,108.4217,1.068,0.0,0.0,1.2659,0.7566,0.7748,2.7973,2016,5,31,744,148800000,0,0,0.0,,,,,,,,,2,0.0,0.0,0.0,0.0,0.0,0.0,,0.0,0.0,0.0,,0.0,0,0,0,,0
82,2016-06-01,0.0,0.0613,0.0409,3.0,156.6996,158.3005,159.101,1.5830000000000002,0.7788,165.9382,165.9382,1.6594,0.7566,165.9382,109.1608,109.5303,1.0916,0.1986,108.4217,1.068,0.0,0.0,1.2666,0.7566,0.7788,2.802,2016,6,30,720,144000000,0,0,0.0,,,,,,,,,3,0.0,0.0,0.0,0.0,0.0,0.0,,0.0,0.0,0.0,,0.0,0,0,0,,0
83,2016-07-01,0.0,0.0613,0.0409,4.0,156.6996,159.101,159.9015,1.591,0.7827,165.9382,165.9382,1.6594,0.7566,165.9382,109.5303,109.8998,1.0953,0.1993,108.4217,1.068,0.0,0.0,1.2673,0.7566,0.7827,2.8066000000000004,2016,7,31,744,148800000,0,0,0.0,,,,,,,,,4,0.0,0.0,0.0,0.0,0.0,0.0,,0.0,0.0,0.0,,0.0,0,0,0,,0
84,2016-08-01,0.0,0.0613,0.0409,5.0,156.6996,159.9015,160.702,1.599,0.7867,165.9382,165.9382,1.6594,0.7566,165.9382,109.8998,110.2694,1.099,0.2,108.4217,1.068,0.0,0.0,1.268,0.7566,0.7867,2.8113,2016,8,31,744,148800000,0,0,0.0,,,,,,,,,5,0.0,0.0,0.0,0.0,0.0,0.0,,0.0,0.0,0.0,,0.0,0,0,0,,0
85,2016-09-01,0.0,0.0613,0.0409,6.0,156.6996,160.702,161.5024,1.607,0.7906,165.9382,165.9382,1.6594,0.7566,165.9382,110.2694,110.6389,1.1027,0.2006,108.4217,1.068,0.0,0.0,1.2686000000000002,0.7566,0.7906,2.8158000000000003,2016,9,30,720,144000000,0,0,0.0,,,,,,,,,6,0.0,0.0,0.0,0.0,0.0,0.0,,0.0,0.0,0.0,,0.0,0,0,0,,0
86,2016-10-01,0.0279,0.0,0.0199,1.0,161.5024,161.5024,161.5024,1.615,0.7945,165.9382,166.324,1.6594,0.7566,165.9382,110.6389,110.8224,1.1064,0.2013,110.6389,1.068,0.0,0.0,1.2693,0.7566,0.7945,2.8204,2016,10,31,744,148800000,0,0,0.0,,,,,,,,,7,0.0,0.0,0.0,0.0,0.0,0.0,,0.0,0.0,0.0,,0.0,0,0,0,,0
87,2016-11-01,0.0279,0.0,0.0199,2.0,161.5024,161.5024,161.5024,1.615,0.7945,166.324,166.7098,1.6632,0.7584,165.9382,110.8224,111.0059,1.1082,0.2016,110.6389,1.068,0.0,0.0,1.2696,0.7584,0.7945,2.8225,2016,11,30,720,144000000,0,0,0.0,,,,,,,,,8,0.0,0.0,0.0,0.0,0.0,0.0,,0.0,0.0,0.0,,0.0,0,0,0,,0
88,2016-12-01,0.0279,0.0,0.0199,3.0,161.5024,161.5024,161.5024,1.615,0.7945,166.7098,167.0956,1.6671,0.7601,165.9382,111.0059,111.1893,1.1101,0.20199999999999999,110.6389,1.068,0.0,0.0,1.27,0.7601,0.7945,2.8246,2016,12,31,744,148800000,0,0,0.0,,,,,,,,,9,0.0,0.0,0.0,0.0,0.0,0.0,,0.0,0.0,0.0,,0.0,0,0,0,,0
89,2017-01-01,0.0279,0.0,0.0199,4.0,161.5024,161.5024,161.5024,1.615,0.7945,167.0956,167.4814,1.671,0.7619,165.9382,111.1893,111.3728,1.1119,0.2023,110.6389,1.068,0.0,0.0,1.2703,0.7619,0.7945,2.8267,2017,1,31,744,148800000,0,0,0.0,,,,,,,,,10,0.0,0.0,0.0,0.0,0.0,0.0,,0.0,0.0,0.0,,0.0,0,0,0,,0
90,2017-02-01,0.0279,0.0,0.0199,5.0,161.5024,161.5024,161.5024,1.615,0.7945,167.4814,167.8672,1.6748,0.7637,165.9382,111.3728,111.5563,1.1137,0.2026,110.6389,1.068,0.0,0.0,1.2706,0.7637,0.7945,2.8288,2017,2,28,672,134400000,0,0,0.0,,,,,,,,,11,0.0,0.0,0.0,0.0,0.0,0.0,,0.0,0.0,0.0,,0.0,0,0,0,,0
91,2017-03-01,0.0279,0.0,0.0199,6.0,161.5024,161.5024,161.5024,1.615,0.7945,167.8672,168.253,1.6787,0.7654,165.9382,111.5563,111.7398,1.1156,0.203,110.6389,1.068,0.0,0.0,1.271,0.7654,0.7945,2.8309,2017,3,31,744,148800000,0,0,0.0,,,,,,,,,12,0.0,0.0,0.0,0.0,0.0,0.0,,0.0,0.0,0.0,,0.0,0,0,0,,0
92,2017-04-01,0.1378,0.0,0.0471,1.0,161.5024,161.5024,161.5024,1.615,0.7945,168.253,170.1851,1.6825,0.7672,168.253,111.7398,112.1784,1.1174,0.2033,111.7398,1.038,0.0,0.0,1.2413,0.7672,0.7945,2.803,2017,4,30,720,144000000,0,0,0.0,,,,,,,,,1,0.0,0.0,0.0,0.0,0.0,0.0,,0.0,0.0,0.0,,0.0,0,0,0,,0
93,2017-05-01,0.1378,0.0,0.0471,2.0,161.5024,161.5024,161.5024,1.615,0.7945,170.1851,172.1172,1.7019,0.7759999999999999,168.253,112.1784,112.617,1.1218,0.2041,111.7398,1.038,0.0,0.0,1.2421,0.7759999999999999,0.7945,2.8126,2017,5,31,744,148800000,0,0,0.0,,,,,,,,,2,0.0,0.0,0.0,0.0,0.0,0.0,,0.0,0.0,0.0,,0.0,0,0,0,,0
94,2017-06-01,0.1378,0.0,0.0471,3.0,161.5024,161.5024,161.5024,1.615,0.7945,172.1172,174.0493,1.7212,0.7848,168.253,112.617,113.0555,1.1262,0.2049,111.7398,1.038,0.0,0.0,1.2429,0.7848,0.7945,2.8222000000000005,2017,6,30,720,144000000,0,0,0.0,,,,,,,,,3,0.0,0.0,0.0,0.0,0.0,0.0,,0.0,0.0,0.0,,0.0,0,0,0,,0
95,2017-07-01,0.1378,0.0,0.0471,4.0,161.5024,161.5024,161.5024,1.615,0.7945,174.0493,175.9814,1.7405,0.7936,168.253,113.0555,113.4941,1.1306,0.2057,111.7398,1.038,0.0,0.0,1.2437,0.7936,0.7945,2.8318000000000003,2017,7,31,744,148800000,0,0,0.0,,,,,,,,,4,0.0,0.0,0.0,0.0,0.0,0.0,,0.0,0.0,0.0,,0.0,0,0,0,,0
96,2017-08-01,0.1378,0.0,0.0471,5.0,161.5024,161.5024,161.5024,1.615,0.7945,175.9814,177.9135,1.7598,0.8024,168.253,113.4941,113.9327,1.1349,0.2065,111.7398,1.038,0.0,0.0,1.2445,0.8024,0.7945,2.8414,2017,8,31,744,148800000,0,0,0.0,,,,,,,,,5,0.0,0.0,0.0,0.0,0.0,0.0,,0.0,0.0,0.0,,0.0,0,0,0,,0
97,2017-09-01,0.1378,0.0,0.0471,6.0,161.5024,161.5024,161.5024,1.615,0.7945,177.9135,179.8456,1.7791,0.8112,168.253,113.9327,114.3713,1.1393,0.2073,111.7398,1.038,0.0,0.0,1.2453,0.8112,0.7945,2.8510000000000004,2017,9,30,720,144000000,0,0,0.0,,,,,,,,,6,0.0,0.0,0.0,0.0,0.0,0.0,,0.0,0.0,0.0,,0.0,0,0,0,,0
98,2017-10-01,0.0,0.0,0.0039,1.0,161.5024,161.5024,161.5024,1.615,0.7945,179.8456,179.8456,1.7985,0.8201,179.8456,114.3713,114.4085,1.1437,0.2081,114.3713,1.038,0.0,0.0,1.2461,0.8201,0.7945,2.8607000000000005,2017,10,31,744,148800000,0,0,0.0,,,,,,,,,7,0.0,0.0,0.0,0.0,0.0,0.0,,0.0,0.0,0.0,,0.0,0,0,0,,0
99,2017-11-01,0.0,0.0,0.0039,2.0,161.5024,161.5024,161.5024,1.615,0.7945,179.8456,179.8456,1.7985,0.8201,179.8456,114.4085,114.4456,1.1441,0.2082,114.3713,1.038,0.0,0.0,1.2462,0.8201,0.7945,2.8608,2017,11,30,720,144000000,0,0,0.0,,,,,,,,,8,0.0,0.0,0.0,0.0,0.0,0.0,,0.0,0.0,0.0,,0.0,0,0,0,,0
100,2017-12-01,0.0,0.0,0.0039,3.0,161.5024,161.5024,161.5024,1.615,0.7945,179.8456,179.8456,1.7985,0.8201,179.8456,114.4456,114.4828,1.1445,0.2082,114.3713,1.038,0.0,0.0,1.2462,0.8201,0.7945,2.8608,2017,12,31,744,148800000,0,0,0.0,,,,,,,,,9,0.0,0.0,0.0,0.0,0.0,0.0,,0.0,0.0,0.0,,0.0,0,0,0,,0
101,2018-01-01,0.0,0.0,0.0039,4.0,161.5024,161.5024,161.5024,1.615,0.7945,179.8456,179.8456,1.7985,0.8201,179.8456,114.4828,114.52,1.1448,0.2083,114.3713,1.038,0.0,0.0,1.2463,0.8201,0.7945,2.8609,2018,1,31,744,148800000,0,0,0.0,,,,,,,,,10,0.0,0.0,0.0,0.0,0.0,0.0,,0.0,0.0,0.0,,0.0,0,0,0,,0
102,2018-02-01,0.0,0.0,0.0039,5.0,161.5024,161.5024,161.5024,1.615,0.7945,179.8456,179.8456,1.7985,0.8201,179.8456,114.52,114.5572,1.1452,0.2084,114.3713,1.038,0.0,0.0,1.2464,0.8201,0.7945,2.861,2018,2,28,672,134400000,0,0,0.0,,,,,,,,,11,0.0,0.0,0.0,0.0,0.0,0.0,,0.0,0.0,0.0,,0.0,0,0,0,,0
103,2018-03-01,0.0,0.0,0.0039,6.0,161.5024,161.5024,161.5024,1.615,0.7945,179.8456,179.8456,1.7985,0.8201,179.8456,114.5572,114.5943,1.1456,0.2084,114.3713,1.038,0.0,0.0,1.2464,0.8201,0.7945,2.861,2018,3,31,744,148800000,0,0,0.0,,,,,,,,,12,0.0,0.0,0.0,0.0,0.0,0.0,,0.0,0.0,0.0,,0.0,0,0,0,,0
104,2018-04-01,0.0,0.1247,0.0587,1.0,161.5024,161.5024,163.1807,1.615,0.7945,179.8456,179.8456,1.7985,0.8201,179.8456,114.5943,115.1549,1.1459,0.2085,114.5943,1.002,0.0,0.0,1.2105,0.8201,0.7945,2.8251,2018,4,30,720,144000000,0,0,0.0,,,,,,,,,1,0.0,0.0,0.0,0.0,0.0,0.0,,0.0,0.0,0.0,,0.0,0,0,0,,0
105,2018-05-01,0.0,0.1247,0.0587,2.0,161.5024,163.1807,164.859,1.6318,0.8028,179.8456,179.8456,1.7985,0.8201,179.8456,115.1549,115.7154,1.1515,0.2095,114.5943,1.002,0.0,0.0,1.2115,0.8201,0.8028,2.8344,2018,5,31,744,148800000,0,0,0.0,,,,,,,,,2,0.0,0.0,0.0,0.0,0.0,0.0,,0.0,0.0,0.0,,0.0,0,0,0,,0
106,2018-06-01,0.0,0.1247,0.0587,3.0,161.5024,164.859,166.5372,1.6486,0.8111,179.8456,179.8456,1.7985,0.8201,179.8456,115.7154,116.276,1.1572,0.2106,114.5943,1.002,0.0,0.0,1.2126,0.8201,0.8111,2.8438000000000003,2018,6,30,720,144000000,0,0,0.0,,,,,,,,,3,0.0,0.0,0.0,0.0,0.0,0.0,,0.0,0.0,0.0,,0.0,0,0,0,,0
107,2018-07-01,0.0,0.1247,0.0587,4.0,161.5024,166.5372,168.2155,1.6654,0.8193,179.8456,179.8456,1.7985,0.8201,179.8456,116.276,116.8365,1.1628,0.2116,114.5943,1.002,0.0,0.0,1.2136,0.8201,0.8193,2.853,2018,7,31,744,148800000,0,0,0.0,,,,,,,,,4,0.0,0.0,0.0,0.0,0.0,0.0,,0.0,0.0,0.0,,0.0,0,0,0,,0
108,2018-08-01,0.0,0.1247,0.0587,5.0,161.5024,168.2155,169.8938,1.6822,0.8276,179.8456,179.8456,1.7985,0.8201,179.8456,116.8365,117.3971,1.1684,0.2126,114.5943,1.002,0.0,0.0,1.2146,0.8201,0.8276,2.8623,2018,8,31,744,148800000,0,0,0.0,,,,,,,,,5,0.0,0.0,0.0,0.0,0.0,0.0,,0.0,0.0,0.0,,0.0,0,0,0,,0
109,2018-09-01,0.0,0.1247,0.0587,6.0,161.5024,169.8938,171.5721,1.6989,0.8358,179.8456,179.8456,1.7985,0.8201,179.8456,117.3971,117.9576,1.1740000000000002,0.2136,114.5943,1.002,0.0,0.0,1.2156,0.8201,0.8358,2.8715,2018,9,30,720,144000000,0,0,0.0,,,,,,,,,6,0.0,0.0,0.0,0.0,0.0,0.0,,0.0,0.0,0.0,,0.0,0,0,0,,0
110,2018-10-01,0.2166,0.3954,0.023,1.0,171.5721,171.5721,177.2254,1.7157,0.8441,179.8456,183.0918,1.7985,0.8201,179.8456,117.9576,118.1837,1.1796,0.2146,117.9576,1.002,0.0,0.0,1.2166,0.8201,0.8441,2.8808,2018,10,31,744,148800000,0,0,0.0,,,,,,,,,7,0.0,0.0,0.0,0.0,0.0,0.0,,0.0,0.0,0.0,,0.0,0,0,0,,0
111,2018-11-01,0.2166,0.3954,0.023,2.0,171.5721,177.2254,182.8787,1.7723,0.8719,183.0918,186.338,1.8309,0.8348,179.8456,118.1837,118.4098,1.1818,0.215,117.9576,1.002,0.0,0.0,1.217,0.8348,0.8719,2.9237,2018,11,30,720,144000000,0,0,0.0,,,,,,,,,8,0.0,0.0,0.0,0.0,0.0,0.0,,0.0,0.0,0.0,,0.0,0,0,0,,0
112,2018-12-01,0.2166,0.3954,0.023,3.0,171.5721,182.8787,188.532,1.8288,0.8997,186.338,189.5842,1.8634,0.8497,179.8456,118.4098,118.6359,1.1841,0.2155,117.9576,1.002,0.0,0.0,1.2175,0.8497,0.8997,2.9669000000000003,2018,12,31,744,148800000,0,0,0.0,,,,,,,,,9,0.0,0.0,0.0,0.0,0.0,0.0,,0.0,0.0,0.0,,0.0,0,0,0,,0
113,2019-01-01,0.2166,0.3954,0.023,4.0,171.5721,188.532,194.1853,1.8853,0.9275,189.5842,192.8305,1.8958,0.8644,179.8456,118.6359,118.8619,1.1864,0.2159,117.9576,1.002,0.0,0.0,1.2179,0.8644,0.9275,3.0098000000000003,2019,1,31,744,148800000,0,0,0.0,,,,,,,,,10,0.0,0.0,0.0,0.0,0.0,0.0,,0.0,0.0,0.0,,0.0,0,0,0,,0
114,2019-02-01,0.2166,0.3954,0.023,5.0,171.5721,194.1853,199.8386,1.9419,0.9554,192.8305,196.0767,1.9283,0.8793,179.8456,118.8619,119.088,1.1886,0.2163,117.9576,1.002,0.0,0.0,1.2183,0.8793,0.9554,3.053,2019,2,28,672,134400000,0,0,0.0,,,,,,,,,11,0.0,0.0,0.0,0.0,0.0,0.0,,0.0,0.0,0.0,,0.0,0,0,0,,0
115,2019-03-01,0.2166,0.3954,0.023,6.0,171.5721,199.8386,205.4919,1.9984,0.9832,196.0767,199.3229,1.9608,0.8941,179.8456,119.088,119.3141,1.1909,0.2167,117.9576,1.002,0.0,0.0,1.2187,0.8941,0.9832,3.096,2019,3,31,744,148800000,0,0,0.0,,,,,,,,,12,0.0,0.0,0.0,0.0,0.0,0.0,,0.0,0.0,0.0,,0.0,0,0,0,,0
116,2019-04-01,0.0088,0.0853,0.0788,1.0,205.4919,205.4919,206.9526,2.0549,1.011,199.3229,199.4691,1.9932,0.9088,199.3229,119.3141,120.0976,1.1931,0.2171,119.3141,0.965,0.0,0.0,1.1821,0.9088,1.011,3.1019,2019,4,30,720,144000000,0,0,0.0,,,,,,,,,1,0.0,0.0,0.0,0.0,0.0,0.0,,0.0,0.0,0.0,,0.0,0,0,0,,0
117,2019-05-01,0.0088,0.0853,0.0788,2.0,205.4919,206.9526,208.4133,2.0695,1.0181,199.4691,199.6152,1.9947,0.9095,199.3229,120.0976,120.8811,1.2009999999999998,0.2185,119.3141,0.965,0.0,0.0,1.1835,0.9095,1.0181,3.1111,2019,5,31,744,148800000,0,0,0.0,,,,,,,,,2,0.0,0.0,0.0,0.0,0.0,0.0,,0.0,0.0,0.0,,0.0,0,0,0,,0
118,2019-06-01,0.0088,0.0853,0.0788,3.0,205.4919,208.4133,209.874,2.0841,1.0253,199.6152,199.7614,1.9962,0.9102,199.3229,120.8811,121.6646,1.2088,0.22,119.3141,0.965,0.0,0.0,1.185,0.9102,1.0253,3.1205000000000003,2019,6,30,720,144000000,0,0,0.0,,,,,,,,,3,0.0,0.0,0.0,0.0,0.0,0.0,,0.0,0.0,0.0,,0.0,0,0,0,,0
119,2019-07-01,0.0088,0.0853,0.0788,4.0,205.4919,209.874,211.3347,2.0987,1.0325,199.7614,199.9076,1.9976,0.9109,199.3229,121.6646,122.4481,1.2166,0.2214,119.3141,0.965,0.0,0.0,1.1864,0.9109,1.0325,3.1297999999999995,2019,7,31,744,148800000,0,0,0.0,,,,,,,,,4,0.0,0.0,0.0,0.0,0.0,0.0,,0.0,0.0,0.0,,0.0,0,0,0,,0
120,2019-08-01,0.0088,0.0853,0.0788,5.0,205.4919,211.3347,212.7954,2.1133,1.0397,199.9076,200.0538,1.9991,0.9115,199.3229,122.4481,123.2316,1.2245,0.2228,119.3141,0.965,0.0,0.0,1.1878,0.9115,1.0397,3.139,2019,8,31,744,148800000,0,0,0.0,,,,,,,,,5,0.0,0.0,0.0,0.0,0.0,0.0,,0.0,0.0,0.0,,0.0,0,0,0,,0
121,2019-09-01,0.0088,0.0853,0.0788,6.0,205.4919,212.7954,214.2561,2.128,1.0469,200.0538,200.1999,2.0005,0.9122,199.3229,123.2316,124.0151,1.2323,0.2242,119.3141,0.965,0.0,0.0,1.1892,0.9122,1.0469,3.1483,2019,9,30,720,144000000,0,0,0.0,,,,,,,,,6,0.0,0.0,0.0,0.0,0.0,0.0,,0.0,0.0,0.0,,0.0,0,0,0,,0
122,2019-10-01,0.0,0.1133,0.0379,1.0,214.2561,214.2561,216.279,2.1426,1.0541,200.1999,200.1999,2.002,0.9129,200.1999,124.0151,124.4068,1.2402,0.2257,124.0151,0.965,0.0,0.0,1.1907,0.9129,1.0541,3.1577,2019,10,31,744,148800000,0,0,0.0,,,,,,,,,7,0.0,0.0,0.0,0.0,0.0,0.0,,0.0,0.0,0.0,,0.0,0,0,0,,0
123,2019-11-01,0.0,0.1133,0.0379,2.0,214.2561,216.279,218.302,2.1628,1.064,200.1999,200.1999,2.002,0.9129,200.1999,124.4068,124.7985,1.2441,0.2264,124.0151,0.965,0.0,0.0,1.1914,0.9129,1.064,3.1683000000000003,2019,11,30,720,144000000,0,0,0.0,,,,,,,,,8,0.0,0.0,0.0,0.0,0.0,0.0,,0.0,0.0,0.0,,0.0,0,0,0,,0
124,2019-12-01,0.0,0.1133,0.0379,3.0,214.2561,218.302,220.3249,2.1830000000000003,1.074,200.1999,200.1999,2.002,0.9129,200.1999,124.7985,125.1901,1.248,0.2271,124.0151,0.965,0.0,0.0,1.1921,0.9129,1.074,3.1790000000000003,2019,12,31,744,148800000,0,0,0.0,,,,,,,,,9,0.0,0.0,0.0,0.0,0.0,0.0,,0.0,0.0,0.0,,0.0,0,0,0,,0
125,2020-01-01,0.0,0.1133,0.0379,4.0,214.2561,220.3249,222.3478,2.2032,1.0839,200.1999,200.1999,2.002,0.9129,200.1999,125.1901,125.5818,1.2519,0.2278,124.0151,0.965,0.0,0.0,1.1928,0.9129,1.0839,3.1896000000000004,2020,1,31,744,148800000,0,0,0.0,,,,,,,,,10,0.0,0.0,0.0,0.0,0.0,0.0,,0.0,0.0,0.0,,0.0,0,0,0,,0
126,2020-02-01,0.0,0.1133,0.0379,5.0,214.2561,222.3478,224.3708,2.2235,1.0939,200.1999,200.1999,2.002,0.9129,200.1999,125.5818,125.9735,1.2558,0.2285,124.0151,0.965,0.0,0.0,1.1935,0.9129,1.0939,3.2003,2020,2,29,696,139200000,0,0,0.0,,,,,,,,,11,0.0,0.0,0.0,0.0,0.0,0.0,,0.0,0.0,0.0,,0.0,0,0,0,,0
127,2020-03-01,0.0,0.1133,0.0379,6.0,214.2561,224.3708,226.3937,2.2437,1.1039,200.1999,200.1999,2.002,0.9129,200.1999,125.9735,126.3652,1.2597,0.2292,124.0151,0.965,0.0,0.0,1.1942,0.9129,1.1039,3.2110000000000003,2020,3,31,744,148800000,0,0,0.0,,,,,,,,,12,0.0,0.0,0.0,0.0,0.0,0.0,,0.0,0.0,0.0,,0.0,0,0,0,,0
128,2020-04-01,0.0,0.0,0.0623,1.0,226.3937,226.3937,226.3937,2.2639,1.1138,200.1999,200.1999,2.002,0.9129,200.1999,126.3652,127.0212,1.2637,0.2299,126.3652,0.9309999999999999,0.0,0.0,1.1608999999999998,0.9129,1.1138,3.1876,2020,4,30,720,144000000,111333750,110645250,0.7732,0.7731510416666667,142094159.99999997,142094159.99999997,129247350.375,129247350.375,129247350.375,0.0,129247350.375,1,0.0,897743.25,0.0,0.2322,0.0,3866250.0,897665.9249999998,-897743.25,0.0,-897743.25,-897743.25,224244728.175,110645250,111333750,144000000,1.1608999999999998,0
129,2020-05-01,0.0,0.0,0.0623,2.0,226.3937,226.3937,226.3937,2.2639,1.1138,200.1999,200.1999,2.002,0.9129,200.1999,127.0212,127.6773,1.2702,0.2311,126.3652,0.9309999999999999,0.0,0.0,1.1621,0.9129,1.1138,3.1888,2020,5,31,744,148800000,111130500,109045500,0.7598,0.7468447580645161,146982407.99999997,289076567.99999994,129144754.05,258392104.425,258392104.425,129247350.375,129144754.05,2,0.0,2735506.725,0.0,0.2323,0.0,11775750.0,2735506.725,-1837763.475,0.0,-1837763.475,-2735506.725,221002514.85,219690750,222464250,292800000,2.3229999999999995,0
130,2020-06-01,0.0,0.0,0.0623,3.0,226.3937,226.3937,226.3937,2.2639,1.1138,200.1999,200.1999,2.002,0.9129,200.1999,127.6773,128.3333,1.2768,0.2323,126.3652,0.9309999999999999,0.0,0.0,1.1633,0.9129,1.1138,3.19,2020,6,30,720,144000000,117361500,108348000,0.778,0.8150104166666666,142387920.0,431464488.0,136526632.95,394918737.375,394918737.375,258392104.425,136526632.95000002,3,0.0,2234351.7,0.0,0.2324,0.0,9614250.0,,501155.0249999999,501155.0249999999,0.0,-2234351.7,219588891.6,328038750,339825750,436800000,3.4862999999999995,0
131,2020-07-01,0.0,0.0,0.0623,4.0,226.3937,226.3937,226.3937,2.2639,1.1138,200.1999,200.1999,2.002,0.9129,200.1999,128.3333,128.9894,1.2833,0.2335,126.3652,0.9309999999999999,0.0,0.0,1.1645,0.9129,1.1138,3.1912,2020,7,31,744,148800000,142818000,127504000,0.8242,0.9597983870967742,147285960.0,578750448.0,166311561.00000003,561230298.375,561230298.375,394918737.375,166311561.0,4,0.0,0.0,0.0,0.0,0.0,0.0,,2234351.7,2234351.7,0.0,0.0,258412356.8,455542750,482643750,585600000,4.6507999999999985,0
132,2020-08-01,0.0,0.0,0.0623,5.0,226.3937,226.3937,226.3937,2.2639,1.1138,200.1999,200.1999,2.002,0.9129,200.1999,128.9894,129.6454,1.2899,0.2347,126.3652,0.9309999999999999,0.0,0.0,1.1657,0.9129,1.1138,3.1924,2020,8,31,744,148800000,142173000,120550500,0.8508,0.9554637096774192,147437736.0,726188184.0,165731066.09999996,726961364.4749999,726188184.0,561230298.375,164957885.625,5,144187.5,0.0,0.25,0.0,576750.0,0.0,,144187.5,144187.5,0.0,144187.5,244319698.35,576093250,624816750,734400000,5.8165,0
133,2020-09-01,0.0,0.0,0.0623,6.0,226.3937,226.3937,226.3937,2.2639,1.1138,200.1999,200.1999,2.002,0.9129,200.1999,129.6454,130.3015,1.2965,0.2359,126.3652,0.9309999999999999,0.0,0.0,1.1669,0.9129,1.1138,3.1936,2020,9,30,720,144000000,143313750,126583750,0.8745,0.995234375,142828560.0,869016744.0,167232814.87500003,894194179.3499998,869016744.0,726188184.0,142828560.0,6,5372625.0,0.0,0.25,0.0,21490500.0,0.0,,5228437.5,5228437.5,0.0,5372625.0,256547286.125,702677000,768130500,878400000,6.9834,0
134,2020-10-01,0.0,0.0,0.0111,1.0,226.3937,226.3937,226.3937,2.2639,1.1138,200.1999,200.1999,2.002,0.9129,200.1999,130.3015,130.422,1.3030000000000002,0.2371,130.3015,0.9309999999999999,0.0,0.0,1.1681,0.9129,1.1138,3.1948,2020,10,31,744,148800000,141942000,128703000,0.8859999999999999,0.9539112903225806,147741287.99999997,1016758032.0,165802450.2,1059996629.55,1016758032.0,869016744.0,147741288.0,7,9238125.0,0.0,0.25,0.0,36952500.0,0.0,,3865500.0,3865500.0,0.0,9238125.0,260842370.1,831380000,910072500,1027200000,8.151499999999999,0
135,2020-11-01,0.0,0.0,0.0111,2.0,226.3937,226.3937,226.3937,2.2639,1.1138,200.1999,200.1999,2.002,0.9129,200.1999,130.422,130.5426,1.3042,0.2373,130.3015,0.9309999999999999,0.0,0.0,1.1683,0.9129,1.1138,3.195,2020,11,30,720,144000000,144000000,135105000,0.9,1.0,142999919.99999997,1159757952.0,168235199.99999997,1228231829.55,1159757952.0,1016758032.0,142999920.0,8,14638125.0,0.0,0.25,0.233,58552500.0,0.0,,5400000.0,5400000.0,0.0,14638125.0,273817303.5,966485000,1054072500,1171200000,9.3198,0
136,2020-12-01,0.0,0.0,0.0111,3.0,226.3937,226.3937,226.3937,2.2639,1.1138,200.1999,200.1999,2.002,0.9129,200.1999,130.5426,130.6631,1.3054,0.2375,130.3015,0.9309999999999999,0.0,0.0,1.1685,0.9129,1.1138,3.1952,2020,12,31,744,148800000,0,0,0.0,,,,,,,,,9,0.0,0.0,0.0,0.0,0.0,0.0,,0.0,0.0,0.0,,0.0,0,0,0,,0
137,2021-01-01,0.0,0.0,0.0111,4.0,226.3937,226.3937,226.3937,2.2639,1.1138,200.1999,200.1999,2.002,0.9129,200.1999,130.6631,130.7836,1.3066,0.2378,130.3015,0.9309999999999999,0.0,0.0,1.1688,0.9129,1.1138,3.1955,2021,1,31,744,148800000,0,0,0.0,,,,,,,,,10,0.0,0.0,0.0,0.0,0.0,0.0,,0.0,0.0,0.0,,0.0,0,0,0,,0
138,2021-02-01,0.0,0.0,0.0111,5.0,226.3937,226.3937,226.3937,2.2639,1.1138,200.1999,200.1999,2.002,0.9129,200.1999,130.7836,130.9041,1.3078,0.23800000000000002,130.3015,0.9309999999999999,0.0,0.0,1.169,0.9129,1.1138,3.1957,2021,2,28,672,134400000,0,0,0.0,,,,,,,,,11,0.0,0.0,0.0,0.0,0.0,0.0,,0.0,0.0,0.0,,0.0,0,0,0,,0
139,2021-03-01,0.0,0.0,0.0111,6.0,226.3937,226.3937,226.3937,2.2639,1.1138,200.1999,200.1999,2.002,0.9129,200.1999,130.9041,131.0247,1.3090000000000002,0.2382,130.3015,0.9309999999999999,0.0,0.0,1.1692,0.9129,1.1138,3.1959,2021,3,31,744,148800000,0,0,0.0,,,,,,,,,12,0.0,0.0,0.0,0.0,0.0,0.0,,0.0,0.0,0.0,,0.0,0,0,0,,0
140,2021-04-01,,,,1.0,226.3937,226.3937,,2.2639,1.1138,200.1999,,2.002,0.9129,200.1999,131.0247,,1.3102,0.2384,131.0247,0.975,0.0,0.0,1.2134,0.9129,1.1138,3.2401,2021,4,30,720,144000000,0,0,0.0,,,,,,,,,1,0.0,0.0,0.0,0.0,0.0,0.0,,0.0,0.0,0.0,,0.0,0,0,0,,0
141,2021-05-01,,,,2.0,226.3937,,,,,,,,,200.1999,,,,,131.0247,0.975,0.0,0.0,,,,,2021,5,31,744,148800000,0,0,0.0,,,,,,,,,2,0.0,0.0,0.0,0.0,0.0,0.0,,0.0,0.0,0.0,,0.0,0,0,0,,0
142,2021-06-01,,,,3.0,226.3937,,,,,,,,,200.1999,,,,,131.0247,0.975,0.0,0.0,,,,,2021,6,30,720,144000000,0,0,0.0,,,,,,,,,3,0.0,0.0,0.0,0.0,0.0,0.0,,0.0,0.0,0.0,,0.0,0,0,0,,0
143,2021-07-01,,,,4.0,226.3937,,,,,,,,,200.1999,,,,,131.0247,0.975,0.0,0.0,,,,,2021,7,31,744,148800000,0,0,0.0,,,,,,,,,4,0.0,0.0,0.0,0.0,0.0,0.0,,0.0,0.0,0.0,,0.0,0,0,0,,0
144,2021-08-01,,,,5.0,226.3937,,,,,,,,,200.1999,,,,,131.0247,0.975,0.0,0.0,,,,,2021,8,31,744,148800000,0,0,0.0,,,,,,,,,5,0.0,0.0,0.0,0.0,0.0,0.0,,0.0,0.0,0.0,,0.0,0,0,0,,0
145,2021-09-01,,,,6.0,226.3937,,,,,,,,,200.1999,,,,,131.0247,0.975,0.0,0.0,,,,,2021,9,30,720,144000000,0,0,0.0,,,,,,,,,6,0.0,0.0,0.0,0.0,0.0,0.0,,0.0,0.0,0.0,,0.0,0,0,0,,0
146,2021-10-01,,,,1.0,,,,,,,,,,,,,,,,0.975,0.0,0.0,,,,,2021,10,31,744,148800000,0,0,0.0,,,,,,,,,7,0.0,0.0,0.0,0.0,0.0,0.0,,0.0,0.0,0.0,,0.0,0,0,0,,0
147,2021-11-01,,,,2.0,,,,,,,,,,,,,,,,0.975,0.0,0.0,,,,,2021,11,30,720,144000000,0,0,0.0,,,,,,,,,8,0.0,0.0,0.0,0.0,0.0,0.0,,0.0,0.0,0.0,,0.0,0,0,0,,0
148,2021-12-01,,,,3.0,,,,,,,,,,,,,,,,0.975,0.0,0.0,,,,,2021,12,31,744,148800000,0,0,0.0,,,,,,,,,9,0.0,0.0,0.0,0.0,0.0,0.0,,0.0,0.0,0.0,,0.0,0,0,0,,0
149,2022-01-01,,,,4.0,,,,,,,,,,,,,,,,0.975,0.0,0.0,,,,,2022,1,31,744,148800000,0,0,0.0,,,,,,,,,10,0.0,0.0,0.0,0.0,0.0,0.0,,0.0,0.0,0.0,,0.0,0,0,0,,0
150,2022-02-01,,,,5.0,,,,,,,,,,,,,,,,0.975,0.0,0.0,,,,,2022,2,28,672,134400000,0,0,0.0,,,,,,,,,11,0.0,0.0,0.0,0.0,0.0,0.0,,0.0,0.0,0.0,,0.0,0,0,0,,0
151,2022-03-01,,,,6.0,,,,,,,,,,,,,,,,0.975,0.0,0.0,,,,,2022,3,31,744,148800000,0,0,0.0,,,,,,,,,12,0.0,0.0,0.0,0.0,0.0,0.0,,0.0,0.0,0.0,,0.0,0,0,0,,0
152,2022-04-01,,,,1.0,,,,,,,,,,,,,,,,0.955,0.0,0.0,,,,,2022,4,30,720,144000000,0,0,0.0,,,,,,,,,1,0.0,0.0,0.0,0.0,0.0,0.0,,0.0,0.0,0.0,,0.0,0,0,0,,0
153,2022-05-01,,,,2.0,,,,,,,,,,,,,,,,0.955,0.0,0.0,,,,,2022,5,31,744,148800000,0,0,0.0,,,,,,,,,2,0.0,0.0,0.0,0.0,0.0,0.0,,0.0,0.0,0.0,,0.0,0,0,0,,0
154,2022-06-01,,,,3.0,,,,,,,,,,,,,,,,0.955,0.0,0.0,,,,,2022,6,30,720,144000000,0,0,0.0,,,,,,,,,3,0.0,0.0,0.0,0.0,0.0,0.0,,0.0,0.0,0.0,,0.0,0,0,0,,0
155,2022-07-01,,,,4.0,,,,,,,,,,,,,,,,0.955,0.0,0.0,,,,,2022,7,31,744,148800000,0,0,0.0,,,,,,,,,4,0.0,0.0,0.0,0.0,0.0,0.0,,0.0,0.0,0.0,,0.0,0,0,0,,0
156,2022-08-01,,,,5.0,,,,,,,,,,,,,,,,0.955,0.0,0.0,,,,,2022,8,31,744,148800000,0,0,0.0,,,,,,,,,5,0.0,0.0,0.0,0.0,0.0,0.0,,0.0,0.0,0.0,,0.0,0,0,0,,0
157,2022-09-01,,,,6.0,,,,,,,,,,,,,,,,0.955,0.0,0.0,,,,,2022,9,30,720,144000000,0,0,0.0,,,,,,,,,6,0.0,0.0,0.0,0.0,0.0,0.0,,0.0,0.0,0.0,,0.0,0,0,0,,0
158,2022-10-01,,,,1.0,,,,,,,,,,,,,,,,0.955,0.0,0.0,,,,,2022,10,31,744,148800000,0,0,0.0,,,,,,,,,7,0.0,0.0,0.0,0.0,0.0,0.0,,0.0,0.0,0.0,,0.0,0,0,0,,0
159,2022-11-01,,,,2.0,,,,,,,,,,,,,,,,0.955,0.0,0.0,,,,,2022,11,30,720,144000000,0,0,0.0,,,,,,,,,8,0.0,0.0,0.0,0.0,0.0,0.0,,0.0,0.0,0.0,,0.0,0,0,0,,0
160,2022-12-01,,,,3.0,,,,,,,,,,,,,,,,0.955,0.0,0.0,,,,,2022,12,31,744,148800000,0,0,0.0,,,,,,,,,9,0.0,0.0,0.0,0.0,0.0,0.0,,0.0,0.0,0.0,,0.0,0,0,0,,0
161,2023-01-01,,,,4.0,,,,,,,,,,,,,,,,0.955,0.0,0.0,,,,,2023,1,31,744,148800000,0,0,0.0,,,,,,,,,10,0.0,0.0,0.0,0.0,0.0,0.0,,0.0,0.0,0.0,,0.0,0,0,0,,0
162,2023-02-01,,,,5.0,,,,,,,,,,,,,,,,0.955,0.0,0.0,,,,,2023,2,28,672,134400000,0,0,0.0,,,,,,,,,11,0.0,0.0,0.0,0.0,0.0,0.0,,0.0,0.0,0.0,,0.0,0,0,0,,0
163,2023-03-01,,,,6.0,,,,,,,,,,,,,,,,0.955,0.0,0.0,,,,,2023,3,31,744,148800000,0,0,0.0,,,,,,,,,12,0.0,0.0,0.0,0.0,0.0,0.0,,0.0,0.0,0.0,,0.0,0,0,0,,0
164,2023-04-01,,,,1.0,,,,,,,,,,,,,,,,0.932,0.0,0.0,,,,,2023,4,30,720,144000000,0,0,0.0,,,,,,,,,1,0.0,0.0,0.0,0.0,0.0,0.0,,0.0,0.0,0.0,,0.0,0,0,0,,0
165,2023-05-01,,,,2.0,,,,,,,,,,,,,,,,0.932,0.0,0.0,,,,,2023,5,31,744,148800000,0,0,0.0,,,,,,,,,2,0.0,0.0,0.0,0.0,0.0,0.0,,0.0,0.0,0.0,,0.0,0,0,0,,0
166,2023-06-01,,,,3.0,,,,,,,,,,,,,,,,0.932,0.0,0.0,,,,,2023,6,30,720,144000000,0,0,0.0,,,,,,,,,3,0.0,0.0,0.0,0.0,0.0,0.0,,0.0,0.0,0.0,,0.0,0,0,0,,0
167,2023-07-01,,,,4.0,,,,,,,,,,,,,,,,0.932,0.0,0.0,,,,,2023,7,31,744,148800000,0,0,0.0,,,,,,,,,4,0.0,0.0,0.0,0.0,0.0,0.0,,0.0,0.0,0.0,,0.0,0,0,0,,0
168,2023-08-01,,,,5.0,,,,,,,,,,,,,,,,0.932,0.0,0.0,,,,,2023,8,31,744,148800000,0,0,0.0,,,,,,,,,5,0.0,0.0,0.0,0.0,0.0,0.0,,0.0,0.0,0.0,,0.0,0,0,0,,0
169,2023-09-01,,,,6.0,,,,,,,,,,,,,,,,0.932,0.0,0.0,,,,,2023,9,30,720,144000000,0,0,0.0,,,,,,,,,6,0.0,0.0,0.0,0.0,0.0,0.0,,0.0,0.0,0.0,,0.0,0,0,0,,0
170,2023-10-01,,,,1.0,,,,,,,,,,,,,,,,0.932,0.0,0.0,,,,,2023,10,31,744,148800000,0,0,0.0,,,,,,,,,7,0.0,0.0,0.0,0.0,0.0,0.0,,0.0,0.0,0.0,,0.0,0,0,0,,0
171,2023-11-01,,,,2.0,,,,,,,,,,,,,,,,0.932,0.0,0.0,,,,,2023,11,30,720,144000000,0,0,0.0,,,,,,,,,8,0.0,0.0,0.0,0.0,0.0,0.0,,0.0,0.0,0.0,,0.0,0,0,0,,0
172,2023-12-01,,,,3.0,,,,,,,,,,,,,,,,0.932,0.0,0.0,,,,,2023,12,31,744,148800000,0,0,0.0,,,,,,,,,9,0.0,0.0,0.0,0.0,0.0,0.0,,0.0,0.0,0.0,,0.0,0,0,0,,0
173,2024-01-01,,,,4.0,,,,,,,,,,,,,,,,0.932,0.0,0.0,,,,,2024,1,31,744,148800000,0,0,0.0,,,,,,,,,10,0.0,0.0,0.0,0.0,0.0,0.0,,0.0,0.0,0.0,,0.0,0,0,0,,0
174,2024-02-01,,,,5.0,,,,,,,,,,,,,,,,0.932,0.0,0.0,,,,,2024,2,29,696,139200000,0,0,0.0,,,,,,,,,11,0.0,0.0,0.0,0.0,0.0,0.0,,0.0,0.0,0.0,,0.0,0,0,0,,0
175,2024-03-01,,,,6.0,,,,,,,,,,,,,,,,0.932,0.0,0.0,,,,,2024,3,31,744,148800000,0,0,0.0,,,,,,,,,12,0.0,0.0,0.0,0.0,0.0,0.0,,0.0,0.0,0.0,,0.0,0,0,0,,0
176,2024-04-01,,,,1.0,,,,,,,,,,,,,,,,0.9079999999999999,0.0,0.0,,,,,2024,4,30,720,144000000,0,0,0.0,,,,,,,,,1,0.0,0.0,0.0,0.0,0.0,0.0,,0.0,0.0,0.0,,0.0,0,0,0,,0
177,2024-05-01,,,,2.0,,,,,,,,,,,,,,,,0.9079999999999999,0.0,0.0,,,,,2024,5,31,744,148800000,0,0,0.0,,,,,,,,,2,0.0,0.0,0.0,0.0,0.0,0.0,,0.0,0.0,0.0,,0.0,0,0,0,,0
178,2024-06-01,,,,3.0,,,,,,,,,,,,,,,,0.9079999999999999,0.0,0.0,,,,,2024,6,30,720,144000000,0,0,0.0,,,,,,,,,3,0.0,0.0,0.0,0.0,0.0,0.0,,0.0,0.0,0.0,,0.0,0,0,0,,0
179,2024-07-01,,,,4.0,,,,,,,,,,,,,,,,0.9079999999999999,0.0,0.0,,,,,2024,7,31,744,148800000,0,0,0.0,,,,,,,,,4,0.0,0.0,0.0,0.0,0.0,0.0,,0.0,0.0,0.0,,0.0,0,0,0,,0
180,2024-08-01,,,,5.0,,,,,,,,,,,,,,,,0.9079999999999999,0.0,0.0,,,,,2024,8,31,744,148800000,0,0,0.0,,,,,,,,,5,0.0,0.0,0.0,0.0,0.0,0.0,,0.0,0.0,0.0,,0.0,0,0,0,,0
181,2024-09-01,,,,6.0,,,,,,,,,,,,,,,,0.9079999999999999,0.0,0.0,,,,,2024,9,30,720,144000000,0,0,0.0,,,,,,,,,6,0.0,0.0,0.0,0.0,0.0,0.0,,0.0,0.0,0.0,,0.0,0,0,0,,0
182,2024-10-01,,,,1.0,,,,,,,,,,,,,,,,0.9079999999999999,0.0,0.0,,,,,2024,10,31,744,148800000,0,0,0.0,,,,,,,,,7,0.0,0.0,0.0,0.0,0.0,0.0,,0.0,0.0,0.0,,0.0,0,0,0,,0
183,2024-11-01,,,,2.0,,,,,,,,,,,,,,,,0.9079999999999999,0.0,0.0,,,,,2024,11,30,720,144000000,0,0,0.0,,,,,,,,,8,0.0,0.0,0.0,0.0,0.0,0.0,,0.0,0.0,0.0,,0.0,0,0,0,,0
184,2024-12-01,,,,3.0,,,,,,,,,,,,,,,,0.9079999999999999,0.0,0.0,,,,,2024,12,31,744,148800000,0,0,0.0,,,,,,,,,9,0.0,0.0,0.0,0.0,0.0,0.0,,0.0,0.0,0.0,,0.0,0,0,0,,0
185,2025-01-01,,,,4.0,,,,,,,,,,,,,,,,0.9079999999999999,0.0,0.0,,,,,2025,1,31,744,148800000,0,0,0.0,,,,,,,,,10,0.0,0.0,0.0,0.0,0.0,0.0,,0.0,0.0,0.0,,0.0,0,0,0,,0
186,2025-02-01,,,,5.0,,,,,,,,,,,,,,,,0.9079999999999999,0.0,0.0,,,,,2025,2,28,672,134400000,0,0,0.0,,,,,,,,,11,0.0,0.0,0.0,0.0,0.0,0.0,,0.0,0.0,0.0,,0.0,0,0,0,,0
187,2025-03-01,,,,6.0,,,,,,,,,,,,,,,,0.9079999999999999,0.0,0.0,,,,,2025,3,31,744,148800000,0,0,0.0,,,,,,,,,12,0.0,0.0,0.0,0.0,0.0,0.0,,0.0,0.0,0.0,,0.0,0,0,0,,0
188,2025-04-01,,,,1.0,,,,,,,,,,,,,,,,0.882,0.0,0.0,,,,,2025,4,30,720,144000000,0,0,0.0,,,,,,,,,1,0.0,0.0,0.0,0.0,0.0,0.0,,0.0,0.0,0.0,,0.0,0,0,0,,0
189,2025-05-01,,,,2.0,,,,,,,,,,,,,,,,0.882,0.0,0.0,,,,,2025,5,31,744,148800000,0,0,0.0,,,,,,,,,2,0.0,0.0,0.0,0.0,0.0,0.0,,0.0,0.0,0.0,,0.0,0,0,0,,0
190,2025-06-01,,,,3.0,,,,,,,,,,,,,,,,0.882,0.0,0.0,,,,,2025,6,30,720,144000000,0,0,0.0,,,,,,,,,3,0.0,0.0,0.0,0.0,0.0,0.0,,0.0,0.0,0.0,,0.0,0,0,0,,0
191,2025-07-01,,,,4.0,,,,,,,,,,,,,,,,0.882,0.0,0.0,,,,,2025,7,31,744,148800000,0,0,0.0,,,,,,,,,4,0.0,0.0,0.0,0.0,0.0,0.0,,0.0,0.0,0.0,,0.0,0,0,0,,0
192,2025-08-01,,,,5.0,,,,,,,,,,,,,,,,0.882,0.0,0.0,,,,,2025,8,31,744,148800000,0,0,0.0,,,,,,,,,5,0.0,0.0,0.0,0.0,0.0,0.0,,0.0,0.0,0.0,,0.0,0,0,0,,0
193,2025-09-01,,,,6.0,,,,,,,,,,,,,,,,0.882,0.0,0.0,,,,,2025,9,30,720,144000000,0,0,0.0,,,,,,,,,6,0.0,0.0,0.0,0.0,0.0,0.0,,0.0,0.0,0.0,,0.0,0,0,0,,0
194,2025-10-01,,,,1.0,,,,,,,,,,,,,,,,0.882,0.0,0.0,,,,,2025,10,31,744,148800000,0,0,0.0,,,,,,,,,7,0.0,0.0,0.0,0.0,0.0,0.0,,0.0,0.0,0.0,,0.0,0,0,0,,0
195,2025-11-01,,,,2.0,,,,,,,,,,,,,,,,0.882,0.0,0.0,,,,,2025,11,30,720,144000000,0,0,0.0,,,,,,,,,8,0.0,0.0,0.0,0.0,0.0,0.0,,0.0,0.0,0.0,,0.0,0,0,0,,0
196,2025-12-01,,,,3.0,,,,,,,,,,,,,,,,0.882,0.0,0.0,,,,,2025,12,31,744,148800000,0,0,0.0,,,,,,,,,9,0.0,0.0,0.0,0.0,0.0,0.0,,0.0,0.0,0.0,,0.0,0,0,0,,0
197,2026-01-01,,,,4.0,,,,,,,,,,,,,,,,0.882,0.0,0.0,,,,,2026,1,31,744,148800000,0,0,0.0,,,,,,,,,10,0.0,0.0,0.0,0.0,0.0,0.0,,0.0,0.0,0.0,,0.0,0,0,0,,0
198,2026-02-01,,,,5.0,,,,,,,,,,,,,,,,0.882,0.0,0.0,,,,,2026,2,28,672,134400000,0,0,0.0,,,,,,,,,11,0.0,0.0,0.0,0.0,0.0,0.0,,0.0,0.0,0.0,,0.0,0,0,0,,0
199,2026-03-01,,,,6.0,,,,,,,,,,,,,,,,0.882,0.0,0.0,,,,,2026,3,31,744,148800000,0,0,0.0,,,,,,,,,12,0.0,0.0,0.0,0.0,0.0,0.0,,0.0,0.0,0.0,,0.0,0,0,0,,0
200,2026-04-01,,,,1.0,,,,,,,,,,,,,,,,0.855,0.0,0.0,,,,,2026,4,30,720,144000000,0,0,0.0,,,,,,,,,1,0.0,0.0,0.0,0.0,0.0,0.0,,0.0,0.0,0.0,,0.0,0,0,0,,0
201,2026-05-01,,,,2.0,,,,,,,,,,,,,,,,0.855,0.0,0.0,,,,,2026,5,31,744,148800000,0,0,0.0,,,,,,,,,2,0.0,0.0,0.0,0.0,0.0,0.0,,0.0,0.0,0.0,,0.0,0,0,0,,0
202,2026-06-01,,,,3.0,,,,,,,,,,,,,,,,0.855,0.0,0.0,,,,,2026,6,30,720,144000000,0,0,0.0,,,,,,,,,3,0.0,0.0,0.0,0.0,0.0,0.0,,0.0,0.0,0.0,,0.0,0,0,0,,0
203,2026-07-01,,,,4.0,,,,,,,,,,,,,,,,0.855,0.0,0.0,,,,,2026,7,31,744,148800000,0,0,0.0,,,,,,,,,4,0.0,0.0,0.0,0.0,0.0,0.0,,0.0,0.0,0.0,,0.0,0,0,0,,0
204,2026-08-01,,,,5.0,,,,,,,,,,,,,,,,0.855,0.0,0.0,,,,,2026,8,31,744,148800000,0,0,0.0,,,,,,,,,5,0.0,0.0,0.0,0.0,0.0,0.0,,0.0,0.0,0.0,,0.0,0,0,0,,0
205,2026-09-01,,,,6.0,,,,,,,,,,,,,,,,0.855,0.0,0.0,,,,,2026,9,30,720,144000000,0,0,0.0,,,,,,,,,6,0.0,0.0,0.0,0.0,0.0,0.0,,0.0,0.0,0.0,,0.0,0,0,0,,0
206,2026-10-01,,,,1.0,,,,,,,,,,,,,,,,0.855,0.0,0.0,,,,,2026,10,31,744,148800000,0,0,0.0,,,,,,,,,7,0.0,0.0,0.0,0.0,0.0,0.0,,0.0,0.0,0.0,,0.0,0,0,0,,0
207,2026-11-01,,,,2.0,,,,,,,,,,,,,,,,0.855,0.0,0.0,,,,,2026,11,30,720,144000000,0,0,0.0,,,,,,,,,8,0.0,0.0,0.0,0.0,0.0,0.0,,0.0,0.0,0.0,,0.0,0,0,0,,0
208,2026-12-01,,,,3.0,,,,,,,,,,,,,,,,0.855,0.0,0.0,,,,,2026,12,31,744,148800000,0,0,0.0,,,,,,,,,9,0.0,0.0,0.0,0.0,0.0,0.0,,0.0,0.0,0.0,,0.0,0,0,0,,0
209,2027-01-01,,,,4.0,,,,,,,,,,,,,,,,0.855,0.0,0.0,,,,,2027,1,31,744,148800000,0,0,0.0,,,,,,,,,10,0.0,0.0,0.0,0.0,0.0,0.0,,0.0,0.0,0.0,,0.0,0,0,0,,0
210,2027-02-01,,,,5.0,,,,,,,,,,,,,,,,0.855,0.0,0.0,,,,,2027,2,28,672,134400000,0,0,0.0,,,,,,,,,11,0.0,0.0,0.0,0.0,0.0,0.0,,0.0,0.0,0.0,,0.0,0,0,0,,0
211,2027-03-01,,,,6.0,,,,,,,,,,,,,,,,0.855,0.0,0.0,,,,,2027,3,31,744,148800000,0,0,0.0,,,,,,,,,12,0.0,0.0,0.0,0.0,0.0,0.0,,0.0,0.0,0.0,,0.0,0,0,0,,0
212,2027-04-01,,,,1.0,,,,,,,,,,,,,,,,0.825,0.0,0.0,,,,,2027,4,30,720,144000000,0,0,0.0,,,,,,,,,1,0.0,0.0,0.0,0.0,0.0,0.0,,0.0,0.0,0.0,,0.0,0,0,0,,0
213,2027-05-01,,,,2.0,,,,,,,,,,,,,,,,0.825,0.0,0.0,,,,,2027,5,31,744,148800000,0,0,0.0,,,,,,,,,2,0.0,0.0,0.0,0.0,0.0,0.0,,0.0,0.0,0.0,,0.0,0,0,0,,0
214,2027-06-01,,,,3.0,,,,,,,,,,,,,,,,0.825,0.0,0.0,,,,,2027,6,30,720,144000000,0,0,0.0,,,,,,,,,3,0.0,0.0,0.0,0.0,0.0,0.0,,0.0,0.0,0.0,,0.0,0,0,0,,0
215,2027-07-01,,,,4.0,,,,,,,,,,,,,,,,0.825,0.0,0.0,,,,,2027,7,31,744,148800000,0,0,0.0,,,,,,,,,4,0.0,0.0,0.0,0.0,0.0,0.0,,0.0,0.0,0.0,,0.0,0,0,0,,0
216,2027-08-01,,,,5.0,,,,,,,,,,,,,,,,0.825,0.0,0.0,,,,,2027,8,31,744,148800000,0,0,0.0,,,,,,,,,5,0.0,0.0,0.0,0.0,0.0,0.0,,0.0,0.0,0.0,,0.0,0,0,0,,0
217,2027-09-01,,,,6.0,,,,,,,,,,,,,,,,0.825,0.0,0.0,,,,,2027,9,30,720,144000000,0,0,0.0,,,,,,,,,6,0.0,0.0,0.0,0.0,0.0,0.0,,0.0,0.0,0.0,,0.0,0,0,0,,0
218,2027-10-01,,,,1.0,,,,,,,,,,,,,,,,0.825,0.0,0.0,,,,,2027,10,31,744,148800000,0,0,0.0,,,,,,,,,7,0.0,0.0,0.0,0.0,0.0,0.0,,0.0,0.0,0.0,,0.0,0,0,0,,0
219,2027-11-01,,,,2.0,,,,,,,,,,,,,,,,0.825,0.0,0.0,,,,,2027,11,30,720,144000000,0,0,0.0,,,,,,,,,8,0.0,0.0,0.0,0.0,0.0,0.0,,0.0,0.0,0.0,,0.0,0,0,0,,0
220,2027-12-01,,,,3.0,,,,,,,,,,,,,,,,0.825,0.0,0.0,,,,,2027,12,31,744,148800000,0,0,0.0,,,,,,,,,9,0.0,0.0,0.0,0.0,0.0,0.0,,0.0,0.0,0.0,,0.0,0,0,0,,0
221,2028-01-01,,,,4.0,,,,,,,,,,,,,,,,0.825,0.0,0.0,,,,,2028,1,31,744,148800000,0,0,0.0,,,,,,,,,10,0.0,0.0,0.0,0.0,0.0,0.0,,0.0,0.0,0.0,,0.0,0,0,0,,0
222,2028-02-01,,,,5.0,,,,,,,,,,,,,,,,0.825,0.0,0.0,,,,,2028,2,29,696,139200000,0,0,0.0,,,,,,,,,11,0.0,0.0,0.0,0.0,0.0,0.0,,0.0,0.0,0.0,,0.0,0,0,0,,0
223,2028-03-01,,,,6.0,,,,,,,,,,,,,,,,0.825,0.0,0.0,,,,,2028,3,31,744,148800000,0,0,0.0,,,,,,,,,12,0.0,0.0,0.0,0.0,0.0,0.0,,0.0,0.0,0.0,,0.0,0,0,0,,0
224,2028-04-01,,,,1.0,,,,,,,,,,,,,,,,0.8059999999999999,0.0,0.0,,,,,2028,4,30,720,144000000,0,0,0.0,,,,,,,,,1,0.0,0.0,0.0,0.0,0.0,0.0,,0.0,0.0,0.0,,0.0,0,0,0,,0
225,2028-05-01,,,,2.0,,,,,,,,,,,,,,,,0.8059999999999999,0.0,0.0,,,,,2028,5,31,744,148800000,0,0,0.0,,,,,,,,,2,0.0,0.0,0.0,0.0,0.0,0.0,,0.0,0.0,0.0,,0.0,0,0,0,,0
226,2028-06-01,,,,3.0,,,,,,,,,,,,,,,,0.8059999999999999,0.0,0.0,,,,,2028,6,30,720,144000000,0,0,0.0,,,,,,,,,3,0.0,0.0,0.0,0.0,0.0,0.0,,0.0,0.0,0.0,,0.0,0,0,0,,0
227,2028-07-01,,,,4.0,,,,,,,,,,,,,,,,0.8059999999999999,0.0,0.0,,,,,2028,7,31,744,148800000,0,0,0.0,,,,,,,,,4,0.0,0.0,0.0,0.0,0.0,0.0,,0.0,0.0,0.0,,0.0,0,0,0,,0
228,2028-08-01,,,,5.0,,,,,,,,,,,,,,,,0.8059999999999999,0.0,0.0,,,,,2028,8,31,744,148800000,0,0,0.0,,,,,,,,,5,0.0,0.0,0.0,0.0,0.0,0.0,,0.0,0.0,0.0,,0.0,0,0,0,,0
229,2028-09-01,,,,6.0,,,,,,,,,,,,,,,,0.8059999999999999,0.0,0.0,,,,,2028,9,30,720,144000000,0,0,0.0,,,,,,,,,6,0.0,0.0,0.0,0.0,0.0,0.0,,0.0,0.0,0.0,,0.0,0,0,0,,0
230,2028-10-01,,,,1.0,,,,,,,,,,,,,,,,0.8059999999999999,0.0,0.0,,,,,2028,10,31,744,148800000,0,0,0.0,,,,,,,,,7,0.0,0.0,0.0,0.0,0.0,0.0,,0.0,0.0,0.0,,0.0,0,0,0,,0
231,2028-11-01,,,,2.0,,,,,,,,,,,,,,,,0.8059999999999999,0.0,0.0,,,,,2028,11,30,720,144000000,0,0,0.0,,,,,,,,,8,0.0,0.0,0.0,0.0,0.0,0.0,,0.0,0.0,0.0,,0.0,0,0,0,,0
232,2028-12-01,,,,3.0,,,,,,,,,,,,,,,,0.8059999999999999,0.0,0.0,,,,,2028,12,31,744,148800000,0,0,0.0,,,,,,,,,9,0.0,0.0,0.0,0.0,0.0,0.0,,0.0,0.0,0.0,,0.0,0,0,0,,0
233,2029-01-01,,,,4.0,,,,,,,,,,,,,,,,0.8059999999999999,0.0,0.0,,,,,2029,1,31,744,148800000,0,0,0.0,,,,,,,,,10,0.0,0.0,0.0,0.0,0.0,0.0,,0.0,0.0,0.0,,0.0,0,0,0,,0
234,2029-02-01,,,,5.0,,,,,,,,,,,,,,,,0.8059999999999999,0.0,0.0,,,,,2029,2,28,672,134400000,0,0,0.0,,,,,,,,,11,0.0,0.0,0.0,0.0,0.0,0.0,,0.0,0.0,0.0,,0.0,0,0,0,,0
235,2029-03-01,,,,6.0,,,,,,,,,,,,,,,,0.8059999999999999,0.0,0.0,,,,,2029,3,31,744,148800000,0,0,0.0,,,,,,,,,12,0.0,0.0,0.0,0.0,0.0,0.0,,0.0,0.0,0.0,,0.0,0,0,0,,0
236,2029-04-01,,,,1.0,,,,,,,,,,,,,,,,0.809,0.0,0.0,,,,,2029,4,30,720,144000000,0,0,0.0,,,,,,,,,1,0.0,0.0,0.0,0.0,0.0,0.0,,0.0,0.0,0.0,,0.0,0,0,0,,0
237,2029-05-01,,,,2.0,,,,,,,,,,,,,,,,0.809,0.0,0.0,,,,,2029,5,31,744,148800000,0,0,0.0,,,,,,,,,2,0.0,0.0,0.0,0.0,0.0,0.0,,0.0,0.0,0.0,,0.0,0,0,0,,0
238,2029-06-01,,,,3.0,,,,,,,,,,,,,,,,0.809,0.0,0.0,,,,,2029,6,30,720,144000000,0,0,0.0,,,,,,,,,3,0.0,0.0,0.0,0.0,0.0,0.0,,0.0,0.0,0.0,,0.0,0,0,0,,0
239,2029-07-01,,,,4.0,,,,,,,,,,,,,,,,0.809,0.0,0.0,,,,,2029,7,31,744,148800000,0,0,0.0,,,,,,,,,4,0.0,0.0,0.0,0.0,0.0,0.0,,0.0,0.0,0.0,,0.0,0,0,0,,0
240,2029-08-01,,,,5.0,,,,,,,,,,,,,,,,0.809,0.0,0.0,,,,,2029,8,31,744,148800000,0,0,0.0,,,,,,,,,5,0.0,0.0,0.0,0.0,0.0,0.0,,0.0,0.0,0.0,,0.0,0,0,0,,0
241,2029-09-01,,,,6.0,,,,,,,,,,,,,,,,0.809,0.0,0.0,,,,,2029,9,30,720,144000000,0,0,0.0,,,,,,,,,6,0.0,0.0,0.0,0.0,0.0,0.0,,0.0,0.0,0.0,,0.0,0,0,0,,0
242,2029-10-01,,,,1.0,,,,,,,,,,,,,,,,0.809,0.0,0.0,,,,,2029,10,31,744,148800000,0,0,0.0,,,,,,,,,7,0.0,0.0,0.0,0.0,0.0,0.0,,0.0,0.0,0.0,,0.0,0,0,0,,0
243,2029-11-01,,,,2.0,,,,,,,,,,,,,,,,0.809,0.0,0.0,,,,,2029,11,30,720,144000000,0,0,0.0,,,,,,,,,8,0.0,0.0,0.0,0.0,0.0,0.0,,0.0,0.0,0.0,,0.0,0,0,0,,0
244,2029-12-01,,,,3.0,,,,,,,,,,,,,,,,0.809,0.0,0.0,,,,,2029,12,31,744,148800000,0,0,0.0,,,,,,,,,9,0.0,0.0,0.0,0.0,0.0,0.0,,0.0,0.0,0.0,,0.0,0,0,0,,0
245,2030-01-01,,,,4.0,,,,,,,,,,,,,,,,0.809,0.0,0.0,,,,,2030,1,31,744,148800000,0,0,0.0,,,,,,,,,10,0.0,0.0,0.0,0.0,0.0,0.0,,0.0,0.0,0.0,,0.0,0,0,0,,0
246,2030-02-01,,,,5.0,,,,,,,,,,,,,,,,0.809,0.0,0.0,,,,,2030,2,28,672,134400000,0,0,0.0,,,,,,,,,11,0.0,0.0,0.0,0.0,0.0,0.0,,0.0,0.0,0.0,,0.0,0,0,0,,0
247,2030-03-01,,,,6.0,,,,,,,,,,,,,,,,0.809,0.0,0.0,,,,,2030,3,31,744,148800000,0,0,0.0,,,,,,,,,12,0.0,0.0,0.0,0.0,0.0,0.0,,0.0,0.0,0.0,,0.0,0,0,0,,0
248,2030-04-01,,,,1.0,,,,,,,,,,,,,,,,0.812,0.0,0.0,,,,,2030,4,30,720,144000000,0,0,0.0,,,,,,,,,1,0.0,0.0,0.0,0.0,0.0,0.0,,0.0,0.0,0.0,,0.0,0,0,0,,0
249,2030-05-01,,,,2.0,,,,,,,,,,,,,,,,0.812,0.0,0.0,,,,,2030,5,31,744,148800000,0,0,0.0,,,,,,,,,2,0.0,0.0,0.0,0.0,0.0,0.0,,0.0,0.0,0.0,,0.0,0,0,0,,0
250,2030-06-01,,,,3.0,,,,,,,,,,,,,,,,0.812,0.0,0.0,,,,,2030,6,30,720,144000000,0,0,0.0,,,,,,,,,3,0.0,0.0,0.0,0.0,0.0,0.0,,0.0,0.0,0.0,,0.0,0,0,0,,0
251,2030-07-01,,,,4.0,,,,,,,,,,,,,,,,0.812,0.0,0.0,,,,,2030,7,31,744,148800000,0,0,0.0,,,,,,,,,4,0.0,0.0,0.0,0.0,0.0,0.0,,0.0,0.0,0.0,,0.0,0,0,0,,0
252,2030-08-01,,,,5.0,,,,,,,,,,,,,,,,0.812,0.0,0.0,,,,,2030,8,31,744,148800000,0,0,0.0,,,,,,,,,5,0.0,0.0,0.0,0.0,0.0,0.0,,0.0,0.0,0.0,,0.0,0,0,0,,0
253,2030-09-01,,,,6.0,,,,,,,,,,,,,,,,0.812,0.0,0.0,,,,,2030,9,30,720,144000000,0,0,0.0,,,,,,,,,6,0.0,0.0,0.0,0.0,0.0,0.0,,0.0,0.0,0.0,,0.0,0,0,0,,0
254,2030-10-01,,,,1.0,,,,,,,,,,,,,,,,0.812,0.0,0.0,,,,,2030,10,31,744,148800000,0,0,0.0,,,,,,,,,7,0.0,0.0,0.0,0.0,0.0,0.0,,0.0,0.0,0.0,,0.0,0,0,0,,0
255,2030-11-01,,,,2.0,,,,,,,,,,,,,,,,0.812,0.0,0.0,,,,,2030,11,30,720,144000000,0,0,0.0,,,,,,,,,8,0.0,0.0,0.0,0.0,0.0,0.0,,0.0,0.0,0.0,,0.0,0,0,0,,0
256,2030-12-01,,,,3.0,,,,,,,,,,,,,,,,0.812,0.0,0.0,,,,,2030,12,31,744,148800000,0,0,0.0,,,,,,,,,9,0.0,0.0,0.0,0.0,0.0,0.0,,0.0,0.0,0.0,,0.0,0,0,0,,0
257,2031-01-01,,,,4.0,,,,,,,,,,,,,,,,0.812,0.0,0.0,,,,,2031,1,31,744,148800000,0,0,0.0,,,,,,,,,10,0.0,0.0,0.0,0.0,0.0,0.0,,0.0,0.0,0.0,,0.0,0,0,0,,0
258,2031-02-01,,,,5.0,,,,,,,,,,,,,,,,0.812,0.0,0.0,,,,,2031,2,28,672,134400000,0,0,0.0,,,,,,,,,11,0.0,0.0,0.0,0.0,0.0,0.0,,0.0,0.0,0.0,,0.0,0,0,0,,0
259,2031-03-01,,,,6.0,,,,,,,,,,,,,,,,0.812,0.0,0.0,,,,,2031,3,31,744,148800000,0,0,0.0,,,,,,,,,12,0.0,0.0,0.0,0.0,0.0,0.0,,0.0,0.0,0.0,,0.0,0,0,0,,0
260,2031-04-01,,,,1.0,,,,,,,,,,,,,,,,0.8390000000000001,0.0,0.0,,,,,2031,4,30,720,144000000,0,0,0.0,,,,,,,,,1,0.0,0.0,0.0,0.0,0.0,0.0,,0.0,0.0,0.0,,0.0,0,0,0,,0
261,2031-05-01,,,,2.0,,,,,,,,,,,,,,,,0.8390000000000001,0.0,0.0,,,,,2031,5,31,744,148800000,0,0,0.0,,,,,,,,,2,0.0,0.0,0.0,0.0,0.0,0.0,,0.0,0.0,0.0,,0.0,0,0,0,,0
262,2031-06-01,,,,3.0,,,,,,,,,,,,,,,,0.8390000000000001,0.0,0.0,,,,,2031,6,30,720,144000000,0,0,0.0,,,,,,,,,3,0.0,0.0,0.0,0.0,0.0,0.0,,0.0,0.0,0.0,,0.0,0,0,0,,0
263,2031-07-01,,,,4.0,,,,,,,,,,,,,,,,0.8390000000000001,0.0,0.0,,,,,2031,7,31,744,148800000,0,0,0.0,,,,,,,,,4,0.0,0.0,0.0,0.0,0.0,0.0,,0.0,0.0,0.0,,0.0,0,0,0,,0
264,2031-08-01,,,,5.0,,,,,,,,,,,,,,,,0.8390000000000001,0.0,0.0,,,,,2031,8,31,744,148800000,0,0,0.0,,,,,,,,,5,0.0,0.0,0.0,0.0,0.0,0.0,,0.0,0.0,0.0,,0.0,0,0,0,,0
265,2031-09-01,,,,6.0,,,,,,,,,,,,,,,,0.8390000000000001,0.0,0.0,,,,,2031,9,30,720,144000000,0,0,0.0,,,,,,,,,6,0.0,0.0,0.0,0.0,0.0,0.0,,0.0,0.0,0.0,,0.0,0,0,0,,0
266,2031-10-01,,,,1.0,,,,,,,,,,,,,,,,0.8390000000000001,0.0,0.0,,,,,2031,10,31,744,148800000,0,0,0.0,,,,,,,,,7,0.0,0.0,0.0,0.0,0.0,0.0,,0.0,0.0,0.0,,0.0,0,0,0,,0
267,2031-11-01,,,,2.0,,,,,,,,,,,,,,,,0.8390000000000001,0.0,0.0,,,,,2031,11,30,720,144000000,0,0,0.0,,,,,,,,,8,0.0,0.0,0.0,0.0,0.0,0.0,,0.0,0.0,0.0,,0.0,0,0,0,,0
268,2031-12-01,,,,3.0,,,,,,,,,,,,,,,,0.8390000000000001,0.0,0.0,,,,,2031,12,31,744,148800000,0,0,0.0,,,,,,,,,9,0.0,0.0,0.0,0.0,0.0,0.0,,0.0,0.0,0.0,,0.0,0,0,0,,0
269,2032-01-01,,,,4.0,,,,,,,,,,,,,,,,0.8390000000000001,0.0,0.0,,,,,2032,1,31,744,148800000,0,0,0.0,,,,,,,,,10,0.0,0.0,0.0,0.0,0.0,0.0,,0.0,0.0,0.0,,0.0,0,0,0,,0
270,2032-02-01,,,,5.0,,,,,,,,,,,,,,,,0.8390000000000001,0.0,0.0,,,,,2032,2,29,696,139200000,0,0,0.0,,,,,,,,,11,0.0,0.0,0.0,0.0,0.0,0.0,,0.0,0.0,0.0,,0.0,0,0,0,,0
271,2032-03-01,,,,6.0,,,,,,,,,,,,,,,,0.8390000000000001,0.0,0.0,,,,,2032,3,31,744,148800000,0,0,0.0,,,,,,,,,12,0.0,0.0,0.0,0.0,0.0,0.0,,0.0,0.0,0.0,,0.0,0,0,0,,0
272,2032-04-01,,,,1.0,,,,,,,,,,,,,,,,0.789,0.0,0.0,,,,,2032,4,30,720,144000000,0,0,0.0,,,,,,,,,1,0.0,0.0,0.0,0.0,0.0,0.0,,0.0,0.0,0.0,,0.0,0,0,0,,0
273,2032-05-01,,,,2.0,,,,,,,,,,,,,,,,0.789,0.0,0.0,,,,,2032,5,31,744,148800000,0,0,0.0,,,,,,,,,2,0.0,0.0,0.0,0.0,0.0,0.0,,0.0,0.0,0.0,,0.0,0,0,0,,0
274,2032-06-01,,,,3.0,,,,,,,,,,,,,,,,0.789,0.0,0.0,,,,,2032,6,30,720,144000000,0,0,0.0,,,,,,,,,3,0.0,0.0,0.0,0.0,0.0,0.0,,0.0,0.0,0.0,,0.0,0,0,0,,0
275,2032-07-01,,,,4.0,,,,,,,,,,,,,,,,0.789,0.0,0.0,,,,,2032,7,31,744,148800000,0,0,0.0,,,,,,,,,4,0.0,0.0,0.0,0.0,0.0,0.0,,0.0,0.0,0.0,,0.0,0,0,0,,0
276,2032-08-01,,,,5.0,,,,,,,,,,,,,,,,0.789,0.0,0.0,,,,,2032,8,31,744,148800000,0,0,0.0,,,,,,,,,5,0.0,0.0,0.0,0.0,0.0,0.0,,0.0,0.0,0.0,,0.0,0,0,0,,0
277,2032-09-01,,,,6.0,,,,,,,,,,,,,,,,0.789,0.0,0.0,,,,,2032,9,30,720,144000000,0,0,0.0,,,,,,,,,6,0.0,0.0,0.0,0.0,0.0,0.0,,0.0,0.0,0.0,,0.0,0,0,0,,0
278,2032-10-01,,,,1.0,,,,,,,,,,,,,,,,0.789,0.0,0.0,,,,,2032,10,31,744,148800000,0,0,0.0,,,,,,,,,7,0.0,0.0,0.0,0.0,0.0,0.0,,0.0,0.0,0.0,,0.0,0,0,0,,0
279,2032-11-01,,,,2.0,,,,,,,,,,,,,,,,0.789,0.0,0.0,,,,,2032,11,30,720,144000000,0,0,0.0,,,,,,,,,8,0.0,0.0,0.0,0.0,0.0,0.0,,0.0,0.0,0.0,,0.0,0,0,0,,0
280,2032-12-01,,,,3.0,,,,,,,,,,,,,,,,0.789,0.0,0.0,,,,,2032,12,31,744,148800000,0,0,0.0,,,,,,,,,9,0.0,0.0,0.0,0.0,0.0,0.0,,0.0,0.0,0.0,,0.0,0,0,0,,0
281,2033-01-01,,,,4.0,,,,,,,,,,,,,,,,0.789,0.0,0.0,,,,,2033,1,31,744,148800000,0,0,0.0,,,,,,,,,10,0.0,0.0,0.0,0.0,0.0,0.0,,0.0,0.0,0.0,,0.0,0,0,0,,0
282,2033-02-01,,,,5.0,,,,,,,,,,,,,,,,0.789,0.0,0.0,,,,,2033,2,28,672,134400000,0,0,0.0,,,,,,,,,11,0.0,0.0,0.0,0.0,0.0,0.0,,0.0,0.0,0.0,,0.0,0,0,0,,0
283,2033-03-01,,,,6.0,,,,,,,,,,,,,,,,0.789,0.0,0.0,,,,,2033,3,31,744,148800000,0,0,0.0,,,,,,,,,12,0.0,0.0,0.0,0.0,0.0,0.0,,0.0,0.0,0.0,,0.0,0,0,0,,0
284,2033-04-01,,,,1.0,,,,,,,,,,,,,,,,0.7909999999999999,0.0,0.0,,,,,2033,4,30,720,144000000,0,0,0.0,,,,,,,,,1,0.0,0.0,0.0,0.0,0.0,0.0,,0.0,0.0,0.0,,0.0,0,0,0,,0
285,2033-05-01,,,,2.0,,,,,,,,,,,,,,,,0.7909999999999999,0.0,0.0,,,,,2033,5,31,744,148800000,0,0,0.0,,,,,,,,,2,0.0,0.0,0.0,0.0,0.0,0.0,,0.0,0.0,0.0,,0.0,0,0,0,,0
286,2033-06-01,,,,3.0,,,,,,,,,,,,,,,,0.7909999999999999,0.0,0.0,,,,,2033,6,30,720,144000000,0,0,0.0,,,,,,,,,3,0.0,0.0,0.0,0.0,0.0,0.0,,0.0,0.0,0.0,,0.0,0,0,0,,0
287,2033-07-01,,,,4.0,,,,,,,,,,,,,,,,0.7909999999999999,0.0,0.0,,,,,2033,7,31,744,148800000,0,0,0.0,,,,,,,,,4,0.0,0.0,0.0,0.0,0.0,0.0,,0.0,0.0,0.0,,0.0,0,0,0,,0
288,2033-08-01,,,,5.0,,,,,,,,,,,,,,,,0.7909999999999999,0.0,0.0,,,,,2033,8,31,744,148800000,0,0,0.0,,,,,,,,,5,0.0,0.0,0.0,0.0,0.0,0.0,,0.0,0.0,0.0,,0.0,0,0,0,,0
289,2033-09-01,,,,6.0,,,,,,,,,,,,,,,,0.7909999999999999,0.0,0.0,,,,,2033,9,30,720,144000000,0,0,0.0,,,,,,,,,6,0.0,0.0,0.0,0.0,0.0,0.0,,0.0,0.0,0.0,,0.0,0,0,0,,0
290,2033-10-01,,,,1.0,,,,,,,,,,,,,,,,0.7909999999999999,0.0,0.0,,,,,2033,10,31,744,148800000,0,0,0.0,,,,,,,,,7,0.0,0.0,0.0,0.0,0.0,0.0,,0.0,0.0,0.0,,0.0,0,0,0,,0
291,2033-11-01,,,,2.0,,,,,,,,,,,,,,,,0.7909999999999999,0.0,0.0,,,,,2033,11,30,720,144000000,0,0,0.0,,,,,,,,,8,0.0,0.0,0.0,0.0,0.0,0.0,,0.0,0.0,0.0,,0.0,0,0,0,,0
292,2033-12-01,,,,3.0,,,,,,,,,,,,,,,,0.7909999999999999,0.0,0.0,,,,,2033,12,31,744,148800000,0,0,0.0,,,,,,,,,9,0.0,0.0,0.0,0.0,0.0,0.0,,0.0,0.0,0.0,,0.0,0,0,0,,0
293,2034-01-01,,,,4.0,,,,,,,,,,,,,,,,0.7909999999999999,0.0,0.0,,,,,2034,1,31,744,148800000,0,0,0.0,,,,,,,,,10,0.0,0.0,0.0,0.0,0.0,0.0,,0.0,0.0,0.0,,0.0,0,0,0,,0
